Timestamp,PM2.5 (µg/m³),PM10 (µg/m³)
2025-03-13 00:24:54,3.7,5.3
2025-03-13 00:24:56,3.6,5.2
2025-03-13 00:24:58,3.7,5.2
2025-03-13 00:25:00,3.7,5.3
2025-03-13 00:25:02,3.7,5.9
2025-03-13 00:25:04,3.6,4.6
2025-03-13 00:25:06,3.6,4.7
2025-03-13 00:25:08,3.6,4.9
2025-03-13 00:25:10,3.6,4.9
2025-03-13 00:25:12,3.6,4.9
2025-03-13 00:25:14,3.6,4.9
2025-03-13 00:25:16,3.6,5.0
2025-03-13 00:25:18,3.5,5.0
2025-03-13 00:25:20,3.5,4.9
2025-03-13 00:25:22,3.6,5.0
2025-03-13 00:25:24,3.6,5.1
2025-03-13 00:25:26,3.6,5.1
2025-03-13 00:25:28,3.7,5.0
2025-03-13 00:25:30,3.7,5.1
2025-03-13 00:25:32,3.6,5.1
2025-03-13 00:25:34,3.7,5.3
2025-03-13 00:25:36,3.7,5.6
2025-03-13 00:25:38,3.7,5.7
2025-03-13 00:25:40,3.7,5.7
2025-03-13 00:25:42,3.7,6.2
2025-03-13 00:25:44,3.8,6.4
2025-03-13 00:25:46,3.8,6.5
2025-03-13 00:25:48,3.8,6.4
2025-03-13 00:25:50,3.8,6.5
2025-03-13 00:25:52,3.8,6.5
2025-03-13 00:25:54,3.8,6.5
2025-03-13 00:25:56,3.8,6.6
2025-03-13 00:25:58,3.8,6.6
2025-03-13 00:26:00,3.8,6.6
2025-03-13 00:26:02,3.9,6.0
2025-03-13 00:26:04,3.9,5.9
2025-03-13 00:26:06,3.8,5.8
2025-03-13 00:26:08,3.9,5.7
2025-03-13 00:26:10,3.9,5.8
2025-03-13 00:26:12,3.9,5.7
2025-03-13 00:26:14,3.9,5.7
2025-03-13 00:26:16,3.9,5.7
2025-03-13 00:26:18,4.0,5.6
2025-03-13 00:26:20,4.0,5.7
2025-03-13 00:26:22,4.1,5.7
2025-03-13 00:26:24,4.1,5.7
2025-03-13 00:26:26,4.0,5.7
2025-03-13 00:26:28,4.0,5.8
2025-03-13 00:26:30,3.9,5.8
2025-03-13 00:26:32,4.0,5.9
2025-03-13 00:26:34,3.9,5.7
2025-03-13 00:26:36,3.9,5.5
2025-03-13 00:26:38,3.9,5.3
2025-03-13 00:26:40,3.9,5.4
2025-03-13 00:26:42,3.9,4.9
2025-03-13 00:26:44,3.9,4.7
2025-03-13 00:26:46,3.9,4.7
2025-03-13 00:26:48,3.9,4.8
2025-03-13 00:26:50,3.9,4.8
2025-03-13 00:26:52,3.9,5.1
2025-03-13 00:26:54,3.9,5.1
2025-03-13 00:26:56,3.8,5.0
2025-03-13 00:26:58,3.8,5.0
2025-03-13 00:27:00,3.7,4.9
2025-03-13 00:27:02,3.6,5.3
2025-03-13 00:27:04,3.7,5.3
2025-03-13 00:27:06,3.7,5.3
2025-03-13 00:27:08,3.6,5.3
2025-03-13 00:27:10,3.6,5.3
2025-03-13 00:27:12,3.6,5.2
2025-03-13 00:27:14,3.6,5.2
2025-03-13 00:27:16,3.5,5.2
2025-03-13 00:27:18,3.5,5.1
2025-03-13 00:27:20,3.5,5.1
2025-03-13 00:27:22,3.4,5.1
2025-03-13 00:27:24,3.4,5.1
2025-03-13 00:27:26,3.5,5.1
2025-03-13 00:27:28,3.5,5.0
2025-03-13 00:27:30,3.5,5.0
2025-03-13 00:27:32,3.5,4.9
2025-03-13 00:27:34,3.5,5.0
2025-03-13 00:27:36,3.4,4.8
2025-03-13 00:27:38,3.5,5.0
2025-03-13 00:27:40,3.4,4.9
2025-03-13 00:27:42,3.4,4.9
2025-03-13 00:27:44,3.4,4.8
2025-03-13 00:27:46,3.4,4.7
2025-03-13 00:27:48,3.3,4.5
2025-03-13 00:27:50,3.3,4.4
2025-03-13 00:27:52,3.3,4.2
2025-03-13 00:27:54,3.3,4.2
2025-03-13 00:27:56,3.4,4.2
2025-03-13 00:27:58,3.4,4.2
2025-03-13 00:28:00,3.5,4.3
2025-03-13 00:28:02,3.5,4.0
2025-03-13 00:28:04,3.5,3.9
2025-03-13 00:28:06,3.5,3.9
2025-03-13 00:28:08,3.5,3.9
2025-03-13 00:28:10,3.4,3.8
2025-03-13 00:28:12,3.5,3.9
2025-03-13 00:28:14,3.5,3.9
2025-03-13 00:28:16,3.6,4.0
2025-03-13 00:28:18,3.5,4.0
2025-03-13 00:28:20,3.5,3.9
2025-03-13 00:28:22,3.5,3.9
2025-03-13 00:28:24,3.5,3.9
2025-03-13 00:28:26,3.5,3.9
2025-03-13 00:28:28,3.4,3.8
2025-03-13 00:28:30,3.4,3.8
2025-03-13 00:28:32,3.4,3.8
2025-03-13 00:28:34,3.4,3.8
2025-03-13 00:28:36,3.4,3.8
2025-03-13 00:28:38,3.4,3.7
2025-03-13 00:28:40,3.4,3.7
2025-03-13 00:28:42,3.5,3.9
2025-03-13 00:28:44,3.6,4.0
2025-03-13 00:28:46,3.6,4.0
2025-03-13 00:28:48,3.6,4.0
2025-03-13 00:28:50,3.6,4.0
2025-03-13 00:28:52,3.7,4.1
2025-03-13 00:28:54,3.6,4.0
2025-03-13 00:28:56,3.6,4.0
2025-03-13 00:28:58,3.6,4.0
2025-03-13 00:29:00,3.6,4.0
2025-03-13 00:29:02,3.5,3.9
2025-03-13 00:29:04,3.5,3.9
2025-03-13 00:29:06,3.6,4.0
2025-03-13 00:29:08,3.6,4.0
2025-03-13 00:29:10,3.6,4.0
2025-03-13 00:29:12,3.6,4.0
2025-03-13 00:29:14,3.7,4.1
2025-03-13 00:29:16,3.7,4.1
2025-03-13 00:29:18,3.7,4.1
2025-03-13 00:29:20,3.7,4.1
2025-03-13 00:29:22,3.7,4.2
2025-03-13 00:29:24,3.7,4.2
2025-03-13 00:29:26,3.7,4.4
2025-03-13 00:29:28,3.7,4.5
2025-03-13 00:29:30,3.8,4.6
2025-03-13 00:29:32,3.8,4.7
2025-03-13 00:29:34,3.7,4.7
2025-03-13 00:29:36,3.7,4.7
2025-03-13 00:29:38,3.7,4.7
2025-03-13 00:29:40,3.7,4.6
2025-03-13 00:29:42,3.6,4.5
2025-03-13 00:29:44,3.5,4.4
2025-03-13 00:29:46,3.5,4.4
2025-03-13 00:29:48,3.5,4.4
2025-03-13 00:29:50,3.5,4.3
2025-03-13 00:29:52,3.4,4.1
2025-03-13 00:29:54,3.4,4.1
2025-03-13 00:29:56,3.4,4.1
2025-03-13 00:29:58,3.4,4.1
2025-03-13 00:30:00,3.3,4.1
2025-03-13 00:30:02,3.4,4.2
2025-03-13 00:30:04,3.5,4.3
2025-03-13 00:30:06,3.5,4.8
2025-03-13 00:30:08,3.4,4.8
2025-03-13 00:30:10,3.5,4.8
2025-03-13 00:30:12,3.4,4.7
2025-03-13 00:30:14,3.3,4.6
2025-03-13 00:30:16,3.4,4.8
2025-03-13 00:30:18,3.4,4.8
2025-03-13 00:30:20,3.4,4.8
2025-03-13 00:30:22,3.4,4.7
2025-03-13 00:30:24,3.3,4.7
2025-03-13 00:30:26,3.4,4.6
2025-03-13 00:30:28,3.3,4.5
2025-03-13 00:30:30,3.3,4.4
2025-03-13 00:30:32,3.3,4.4
2025-03-13 00:30:34,3.4,4.4
2025-03-13 00:30:36,3.4,4.4
2025-03-13 00:30:38,3.4,4.5
2025-03-13 00:30:40,3.4,4.6
2025-03-13 00:30:42,3.4,4.6
2025-03-13 00:30:44,3.5,4.7
2025-03-13 00:30:46,3.5,4.8
2025-03-13 00:30:48,3.5,4.7
2025-03-13 00:30:50,3.5,4.9
2025-03-13 00:30:52,3.6,5.0
2025-03-13 00:30:54,3.6,5.1
2025-03-13 00:30:56,3.6,5.1
2025-03-13 00:30:58,3.7,5.1
2025-03-13 00:31:00,3.6,5.0
2025-03-13 00:31:02,3.6,5.0
2025-03-13 00:31:04,3.5,5.1
2025-03-13 00:31:06,3.5,4.5
2025-03-13 00:31:08,3.6,4.7
2025-03-13 00:31:10,3.7,4.7
2025-03-13 00:31:12,3.7,4.7
2025-03-13 00:31:14,3.6,4.7
2025-03-13 00:31:16,3.6,4.5
2025-03-13 00:31:18,3.6,4.8
2025-03-13 00:31:20,3.7,4.8
2025-03-13 00:31:22,3.6,4.8
2025-03-13 00:31:24,3.7,4.8
2025-03-13 00:31:26,3.7,4.6
2025-03-13 00:31:28,3.7,4.6
2025-03-13 00:31:30,3.6,4.5
2025-03-13 00:31:32,3.6,4.6
2025-03-13 00:31:34,3.6,4.6
2025-03-13 00:31:36,3.6,4.7
2025-03-13 00:31:38,3.6,4.6
2025-03-13 00:31:40,3.6,4.5
2025-03-13 00:31:42,3.7,4.6
2025-03-13 00:31:44,3.6,4.8
2025-03-13 00:31:46,3.6,4.8
2025-03-13 00:31:48,3.6,4.8
2025-03-13 00:31:50,3.6,4.6
2025-03-13 00:31:52,3.5,4.4
2025-03-13 00:31:54,3.6,4.4
2025-03-13 00:31:56,3.6,4.4
2025-03-13 00:31:58,3.5,4.4
2025-03-13 00:32:00,3.6,4.5
2025-03-13 00:32:02,3.6,4.4
2025-03-13 00:32:04,3.6,4.2
2025-03-13 00:32:06,3.6,4.2
2025-03-13 00:32:08,3.6,4.1
2025-03-13 00:32:10,3.5,4.1
2025-03-13 00:32:12,3.5,4.1
2025-03-13 00:32:14,3.5,4.1
2025-03-13 00:32:16,3.5,4.1
2025-03-13 00:32:18,3.4,3.8
2025-03-13 00:32:20,3.4,3.8
2025-03-13 00:32:22,3.4,3.8
2025-03-13 00:32:24,3.4,3.8
2025-03-13 00:32:26,3.4,3.8
2025-03-13 00:32:28,3.3,4.2
2025-03-13 00:32:30,3.4,4.3
2025-03-13 00:32:32,3.4,4.2
2025-03-13 00:32:34,3.4,4.1
2025-03-13 00:32:36,3.3,4.1
2025-03-13 00:32:38,3.3,4.0
2025-03-13 00:32:40,3.4,4.1
2025-03-13 00:32:42,3.3,4.1
2025-03-13 00:32:44,3.4,3.8
2025-03-13 00:32:46,3.3,3.8
2025-03-13 00:32:48,3.3,3.8
2025-03-13 00:32:50,3.3,3.8
2025-03-13 00:32:52,3.3,3.9
2025-03-13 00:32:54,3.3,3.8
2025-03-13 00:32:56,3.3,3.8
2025-03-13 00:32:58,3.3,3.8
2025-03-13 00:33:00,3.3,3.7
2025-03-13 00:33:02,3.2,3.9
2025-03-13 00:33:04,3.3,3.9
2025-03-13 00:33:06,3.3,4.4
2025-03-13 00:33:08,3.2,4.6
2025-03-13 00:33:10,3.3,4.6
2025-03-13 00:33:12,3.3,4.6
2025-03-13 00:33:14,3.4,4.7
2025-03-13 00:33:16,3.4,4.7
2025-03-13 00:33:18,3.4,4.7
2025-03-13 00:33:20,3.4,4.7
2025-03-13 00:33:22,3.6,4.9
2025-03-13 00:33:24,3.6,4.9
2025-03-13 00:33:26,3.6,4.9
2025-03-13 00:33:28,3.6,4.5
2025-03-13 00:33:30,3.6,4.6
2025-03-13 00:33:32,3.6,4.6
2025-03-13 00:33:34,3.6,4.6
2025-03-13 00:33:36,3.6,4.6
2025-03-13 00:33:38,3.6,4.7
2025-03-13 00:33:40,3.6,4.7
2025-03-13 00:33:42,3.5,4.6
2025-03-13 00:33:44,3.5,4.6
2025-03-13 00:33:46,3.6,4.8
2025-03-13 00:33:48,3.5,4.9
2025-03-13 00:33:50,3.6,4.9
2025-03-13 00:33:52,3.5,4.9
2025-03-13 00:33:54,3.6,5.0
2025-03-13 00:33:56,3.5,5.0
2025-03-13 00:33:58,3.6,5.1
2025-03-13 00:34:00,3.6,5.1
2025-03-13 00:34:02,3.6,5.0
2025-03-13 00:34:04,3.6,5.1
2025-03-13 00:34:06,3.7,5.2
2025-03-13 00:34:08,3.6,4.9
2025-03-13 00:34:10,3.6,4.9
2025-03-13 00:34:12,3.6,4.9
2025-03-13 00:34:14,3.6,4.9
2025-03-13 00:34:16,3.5,5.2
2025-03-13 00:34:18,3.5,5.2
2025-03-13 00:34:20,3.5,5.2
2025-03-13 00:34:22,3.3,5.0
2025-03-13 00:34:24,3.4,5.0
2025-03-13 00:34:26,3.4,5.7
2025-03-13 00:34:28,3.5,6.0
2025-03-13 00:34:30,3.5,6.0
2025-03-13 00:34:32,3.5,6.1
2025-03-13 00:34:34,3.5,6.2
2025-03-13 00:34:36,3.5,6.2
2025-03-13 00:34:38,3.6,6.1
2025-03-13 00:34:40,3.6,6.1
2025-03-13 00:34:42,3.6,6.2
2025-03-13 00:34:44,3.6,6.2
2025-03-13 00:34:46,3.6,6.3
2025-03-13 00:34:48,3.7,6.2
2025-03-13 00:34:50,3.7,6.2
2025-03-13 00:34:52,3.6,6.1
2025-03-13 00:34:54,3.6,6.0
2025-03-13 00:34:56,3.6,6.0
2025-03-13 00:34:58,3.6,6.2
2025-03-13 00:35:00,3.6,6.2
2025-03-13 00:35:02,3.6,6.1
2025-03-13 00:35:04,3.6,6.0
2025-03-13 00:35:06,3.6,5.6
2025-03-13 00:35:08,3.6,5.6
2025-03-13 00:35:10,3.6,5.7
2025-03-13 00:35:12,3.6,5.7
2025-03-13 00:35:14,3.7,5.7
2025-03-13 00:35:16,3.6,5.5
2025-03-13 00:35:18,3.6,5.4
2025-03-13 00:35:20,3.6,5.5
2025-03-13 00:35:22,3.7,5.5
2025-03-13 00:35:24,3.7,5.5
2025-03-13 00:35:26,3.6,5.2
2025-03-13 00:35:28,3.6,5.0
2025-03-13 00:35:30,3.6,5.5
2025-03-13 00:35:32,3.6,5.4
2025-03-13 00:35:34,3.6,5.4
2025-03-13 00:35:36,3.5,5.3
2025-03-13 00:35:38,3.4,5.3
2025-03-13 00:35:40,3.4,6.0
2025-03-13 00:35:42,3.4,6.4
2025-03-13 00:35:44,3.5,6.4
2025-03-13 00:35:46,3.5,6.3
2025-03-13 00:35:48,3.5,6.3
2025-03-13 00:35:50,3.5,6.3
2025-03-13 00:35:52,3.5,6.3
2025-03-13 00:35:54,3.5,6.3
2025-03-13 00:35:56,3.5,6.3
2025-03-13 00:35:58,3.5,6.5
2025-03-13 00:36:00,3.6,6.6
2025-03-13 00:36:02,3.6,6.6
2025-03-13 00:36:04,3.6,6.8
2025-03-13 00:36:06,3.5,6.8
2025-03-13 00:36:08,3.5,7.2
2025-03-13 00:36:10,3.5,7.2
2025-03-13 00:36:12,3.5,7.3
2025-03-13 00:36:14,3.5,7.2
2025-03-13 00:36:16,3.5,7.3
2025-03-13 00:36:18,3.5,7.4
2025-03-13 00:36:20,3.6,7.4
2025-03-13 00:36:22,3.6,7.4
2025-03-13 00:36:24,3.6,7.4
2025-03-13 00:36:26,3.6,6.9
2025-03-13 00:36:28,3.6,6.9
2025-03-13 00:36:30,3.5,6.3
2025-03-13 00:36:32,3.5,6.4
2025-03-13 00:36:34,3.6,6.4
2025-03-13 00:36:36,3.6,6.6
2025-03-13 00:36:38,3.7,6.6
2025-03-13 00:36:40,3.6,6.0
2025-03-13 00:36:42,3.7,6.3
2025-03-13 00:36:44,3.6,6.3
2025-03-13 00:36:46,3.6,6.0
2025-03-13 00:36:48,3.6,6.0
2025-03-13 00:36:50,3.6,6.1
2025-03-13 00:36:52,3.6,6.1
2025-03-13 00:36:54,3.7,6.1
2025-03-13 00:36:56,3.7,6.2
2025-03-13 00:36:58,3.6,5.7
2025-03-13 00:37:00,3.6,5.6
2025-03-13 00:37:02,3.7,5.6
2025-03-13 00:37:04,3.7,6.0
2025-03-13 00:37:06,3.7,5.9
2025-03-13 00:37:08,3.7,5.8
2025-03-13 00:37:10,3.7,5.7
2025-03-13 00:37:12,3.7,5.7
2025-03-13 00:37:14,3.7,5.7
2025-03-13 00:37:16,3.8,5.6
2025-03-13 00:37:18,3.7,5.5
2025-03-13 00:37:20,3.7,5.5
2025-03-13 00:37:22,3.7,5.5
2025-03-13 00:37:24,3.8,5.5
2025-03-13 00:37:26,3.7,5.5
2025-03-13 00:37:28,3.7,5.5
2025-03-13 00:37:30,3.7,5.5
2025-03-13 00:37:32,3.8,5.4
2025-03-13 00:37:34,3.7,5.3
2025-03-13 00:37:36,3.7,5.6
2025-03-13 00:37:38,3.7,5.6
2025-03-13 00:37:40,3.7,5.5
2025-03-13 00:37:42,3.7,4.8
2025-03-13 00:37:44,3.7,4.8
2025-03-13 00:37:46,3.8,4.9
2025-03-13 00:37:48,3.8,4.9
2025-03-13 00:37:50,3.8,4.9
2025-03-13 00:37:52,3.8,5.0
2025-03-13 00:37:54,3.8,4.9
2025-03-13 00:37:56,3.7,4.9
2025-03-13 00:37:58,3.7,4.9
2025-03-13 00:38:00,3.7,4.9
2025-03-13 00:38:02,3.6,4.9
2025-03-13 00:38:04,3.6,4.4
2025-03-13 00:38:06,3.6,4.3
2025-03-13 00:38:08,3.6,4.1
2025-03-13 00:38:10,3.6,4.2
2025-03-13 00:38:12,3.5,4.1
2025-03-13 00:38:14,3.5,4.1
2025-03-13 00:38:16,3.5,4.2
2025-03-13 00:38:18,3.5,4.2
2025-03-13 00:38:20,3.7,4.3
2025-03-13 00:38:22,3.7,4.3
2025-03-13 00:38:24,3.7,4.3
2025-03-13 00:38:26,3.7,4.4
2025-03-13 00:38:28,3.6,4.3
2025-03-13 00:38:30,3.6,4.2
2025-03-13 00:38:32,3.6,4.3
2025-03-13 00:38:34,3.7,4.3
2025-03-13 00:38:36,3.6,4.0
2025-03-13 00:38:38,3.6,4.0
2025-03-13 00:38:40,3.6,4.0
2025-03-13 00:38:42,3.6,4.0
2025-03-13 00:38:44,3.5,3.9
2025-03-13 00:38:46,3.6,4.0
2025-03-13 00:38:48,3.5,4.0
2025-03-13 00:38:50,3.5,4.0
2025-03-13 00:38:52,3.5,4.0
2025-03-13 00:38:54,3.5,4.3
2025-03-13 00:38:56,3.6,4.3
2025-03-13 00:38:58,3.6,4.3
2025-03-13 00:39:00,3.5,4.3
2025-03-13 00:39:02,3.5,4.3
2025-03-13 00:39:04,3.5,4.2
2025-03-13 00:39:06,3.5,4.2
2025-03-13 00:39:08,3.5,4.1
2025-03-13 00:39:10,3.6,4.1
2025-03-13 00:39:12,3.6,4.1
2025-03-13 00:39:14,3.6,4.2
2025-03-13 00:39:16,3.6,4.0
2025-03-13 00:39:18,3.6,4.1
2025-03-13 00:39:20,3.5,4.0
2025-03-13 00:39:22,3.5,3.9
2025-03-13 00:39:24,3.5,4.0
2025-03-13 00:39:26,3.5,3.9
2025-03-13 00:39:28,3.5,4.0
2025-03-13 00:39:30,3.5,4.0
2025-03-13 00:39:32,3.4,3.9
2025-03-13 00:39:34,3.5,4.0
2025-03-13 00:39:36,3.6,4.0
2025-03-13 00:39:38,3.7,4.1
2025-03-13 00:39:40,3.7,4.2
2025-03-13 00:39:42,3.7,4.2
2025-03-13 00:39:44,3.7,4.2
2025-03-13 00:39:46,3.7,4.1
2025-03-13 00:39:48,3.7,4.1
2025-03-13 00:39:50,3.8,4.2
2025-03-13 00:39:52,3.8,4.2
2025-03-13 00:39:54,3.7,4.1
2025-03-13 00:39:56,3.7,4.1
2025-03-13 00:39:58,3.8,4.2
2025-03-13 00:40:00,3.8,4.3
2025-03-13 00:40:02,3.8,4.3
2025-03-13 00:40:04,3.8,4.5
2025-03-13 00:40:06,3.8,4.5
2025-03-13 00:40:08,3.8,4.6
2025-03-13 00:40:10,3.8,4.9
2025-03-13 00:40:12,3.8,5.2
2025-03-13 00:40:14,3.8,5.3
2025-03-13 00:40:16,3.8,5.5
2025-03-13 00:40:18,3.8,5.5
2025-03-13 00:40:20,3.8,5.6
2025-03-13 00:40:22,3.7,5.6
2025-03-13 00:40:24,3.7,5.4
2025-03-13 00:40:26,3.7,5.5
2025-03-13 00:40:28,3.7,5.6
2025-03-13 00:40:30,3.8,5.7
2025-03-13 00:40:32,3.7,5.8
2025-03-13 00:40:34,3.7,5.9
2025-03-13 00:40:36,3.6,5.8
2025-03-13 00:40:38,3.5,5.8
2025-03-13 00:40:40,3.6,5.7
2025-03-13 00:40:42,3.5,5.7
2025-03-13 00:40:44,3.6,5.8
2025-03-13 00:40:46,3.5,5.7
2025-03-13 00:40:48,3.5,5.6
2025-03-13 00:40:50,3.4,5.5
2025-03-13 00:40:52,3.4,5.6
2025-03-13 00:40:54,3.4,5.5
2025-03-13 00:40:56,3.4,5.6
2025-03-13 00:40:58,3.4,5.6
2025-03-13 00:41:00,3.4,5.4
2025-03-13 00:41:02,3.4,5.6
2025-03-13 00:41:04,3.4,5.4
2025-03-13 00:41:06,3.4,5.7
2025-03-13 00:41:08,3.5,5.8
2025-03-13 00:41:10,3.5,5.5
2025-03-13 00:41:12,3.4,5.2
2025-03-13 00:41:14,3.4,5.1
2025-03-13 00:41:16,3.5,5.1
2025-03-13 00:41:18,3.5,5.1
2025-03-13 00:41:20,3.6,5.0
2025-03-13 00:41:22,3.5,5.3
2025-03-13 00:41:24,3.6,5.3
2025-03-13 00:41:26,3.6,5.2
2025-03-13 00:41:28,3.6,5.3
2025-03-13 00:41:30,3.6,5.2
2025-03-13 00:41:32,3.6,5.2
2025-03-13 00:41:34,3.7,6.0
2025-03-13 00:41:36,3.7,6.1
2025-03-13 00:41:38,3.8,6.1
2025-03-13 00:41:40,3.7,6.3
2025-03-13 00:41:42,3.8,6.3
2025-03-13 00:41:44,3.7,6.2
2025-03-13 00:41:46,3.8,6.6
2025-03-13 00:41:48,3.8,6.9
2025-03-13 00:41:50,3.9,6.9
2025-03-13 00:41:52,3.9,6.8
2025-03-13 00:41:54,3.9,7.0
2025-03-13 00:41:56,3.9,7.0
2025-03-13 00:41:58,3.9,6.8
2025-03-13 00:42:00,3.8,6.7
2025-03-13 00:42:02,3.9,6.6
2025-03-13 00:42:04,3.8,6.6
2025-03-13 00:42:06,3.8,6.2
2025-03-13 00:42:08,3.7,6.2
2025-03-13 00:42:10,3.7,6.1
2025-03-13 00:42:12,3.7,6.1
2025-03-13 00:42:14,3.7,6.1
2025-03-13 00:42:16,3.7,5.9
2025-03-13 00:42:18,3.7,5.9
2025-03-13 00:42:20,3.7,5.9
2025-03-13 00:42:22,3.7,5.8
2025-03-13 00:42:24,3.7,5.8
2025-03-13 00:42:26,3.7,5.8
2025-03-13 00:42:28,3.8,5.9
2025-03-13 00:42:30,3.8,5.9
2025-03-13 00:42:32,3.8,5.9
2025-03-13 00:42:34,3.8,5.0
2025-03-13 00:42:36,3.8,5.0
2025-03-13 00:42:38,3.7,5.0
2025-03-13 00:42:40,3.7,4.8
2025-03-13 00:42:42,3.7,4.8
2025-03-13 00:42:44,3.7,4.8
2025-03-13 00:42:46,3.7,4.4
2025-03-13 00:42:48,3.7,4.8
2025-03-13 00:42:50,3.7,4.9
2025-03-13 00:42:52,3.7,5.1
2025-03-13 00:42:54,3.8,5.0
2025-03-13 00:42:56,3.8,5.0
2025-03-13 00:42:58,3.9,5.0
2025-03-13 00:43:00,3.9,5.0
2025-03-13 00:43:02,3.9,5.0
2025-03-13 00:43:04,3.9,5.0
2025-03-13 00:43:06,3.9,5.0
2025-03-13 00:43:08,3.9,4.9
2025-03-13 00:43:10,3.9,5.0
2025-03-13 00:43:12,4.0,5.0
2025-03-13 00:43:14,4.0,5.1
2025-03-13 00:43:16,3.9,5.1
2025-03-13 00:43:18,3.9,5.1
2025-03-13 00:43:20,3.9,5.1
2025-03-13 00:43:22,4.0,5.0
2025-03-13 00:43:24,4.0,5.0
2025-03-13 00:43:26,3.9,4.9
2025-03-13 00:43:28,3.9,4.7
2025-03-13 00:43:30,3.9,4.6
2025-03-13 00:43:32,3.8,4.5
2025-03-13 00:43:34,3.7,4.4
2025-03-13 00:43:36,3.7,4.4
2025-03-13 00:43:38,3.7,4.4
2025-03-13 00:43:40,3.8,4.5
2025-03-13 00:43:42,3.8,4.5
2025-03-13 00:43:44,3.8,4.5
2025-03-13 00:43:46,3.7,4.4
2025-03-13 00:43:48,3.7,4.1
2025-03-13 00:43:50,3.7,4.1
2025-03-13 00:43:52,3.7,4.1
2025-03-13 00:43:54,3.7,4.1
2025-03-13 00:43:56,3.7,4.1
2025-03-13 00:43:58,3.7,4.1
2025-03-13 00:44:00,3.7,4.1
2025-03-13 00:44:02,3.7,4.3
2025-03-13 00:44:04,3.7,4.3
2025-03-13 00:44:06,3.7,4.3
2025-03-13 00:44:08,3.8,4.5
2025-03-13 00:44:10,3.9,4.6
2025-03-13 00:44:12,3.9,4.5
2025-03-13 00:44:14,3.9,4.7
2025-03-13 00:44:16,3.8,4.7
2025-03-13 00:44:18,3.8,4.6
2025-03-13 00:44:20,3.8,4.7
2025-03-13 00:44:22,3.9,4.7
2025-03-13 00:44:24,3.9,4.8
2025-03-13 00:44:26,3.9,4.8
2025-03-13 00:44:28,3.9,5.0
2025-03-13 00:44:30,3.9,5.0
2025-03-13 00:44:32,4.0,5.0
2025-03-13 00:44:34,4.0,5.0
2025-03-13 00:44:36,4.0,5.1
2025-03-13 00:44:38,4.0,5.1
2025-03-13 00:44:40,4.0,5.1
2025-03-13 00:44:42,4.0,5.3
2025-03-13 00:44:44,4.0,5.3
2025-03-13 00:44:46,4.1,5.6
2025-03-13 00:44:48,4.1,6.1
2025-03-13 00:44:50,4.2,6.4
2025-03-13 00:44:52,4.2,6.2
2025-03-13 00:44:54,4.1,6.2
2025-03-13 00:44:56,4.1,6.4
2025-03-13 00:44:58,4.1,6.3
2025-03-13 00:45:00,4.0,6.0
2025-03-13 00:45:02,4.0,5.9
2025-03-13 00:45:04,4.0,5.9
2025-03-13 00:45:06,4.0,5.9
2025-03-13 00:45:08,4.0,5.8
2025-03-13 00:45:10,3.8,5.9
2025-03-13 00:45:12,3.9,5.9
2025-03-13 00:45:14,3.9,5.7
2025-03-13 00:45:16,3.9,5.7
2025-03-13 00:45:18,3.9,5.7
2025-03-13 00:45:20,3.9,6.2
2025-03-13 00:45:22,3.9,6.4
2025-03-13 00:45:24,3.9,6.7
2025-03-13 00:45:26,3.9,6.7
2025-03-13 00:45:28,3.8,6.6
2025-03-13 00:45:30,3.8,7.0
2025-03-13 00:45:32,3.9,7.1
2025-03-13 00:45:34,3.9,7.1
2025-03-13 00:45:36,3.9,7.1
2025-03-13 00:45:38,3.8,7.3
2025-03-13 00:45:40,3.8,7.4
2025-03-13 00:45:42,3.8,7.2
2025-03-13 00:45:44,3.9,7.2
2025-03-13 00:45:46,3.8,6.9
2025-03-13 00:45:48,3.8,6.6
2025-03-13 00:45:50,3.8,6.2
2025-03-13 00:45:52,3.7,6.3
2025-03-13 00:45:54,3.7,6.2
2025-03-13 00:45:56,3.8,6.0
2025-03-13 00:45:58,3.8,6.0
2025-03-13 00:46:00,3.8,6.2
2025-03-13 00:46:02,3.8,6.1
2025-03-13 00:46:04,3.9,6.3
2025-03-13 00:46:06,3.9,6.6
2025-03-13 00:46:08,3.9,6.6
2025-03-13 00:46:10,3.9,6.5
2025-03-13 00:46:12,3.9,6.6
2025-03-13 00:46:14,4.0,6.6
2025-03-13 00:46:16,4.0,6.7
2025-03-13 00:46:18,3.9,6.6
2025-03-13 00:46:20,3.9,6.1
2025-03-13 00:46:22,3.9,5.9
2025-03-13 00:46:24,3.9,5.6
2025-03-13 00:46:26,3.9,5.6
2025-03-13 00:46:28,3.9,5.6
2025-03-13 00:46:30,3.9,5.2
2025-03-13 00:46:32,3.8,5.2
2025-03-13 00:46:34,3.9,5.2
2025-03-13 00:46:36,3.8,5.1
2025-03-13 00:46:38,3.8,5.0
2025-03-13 00:46:40,3.8,4.8
2025-03-13 00:46:42,3.7,4.7
2025-03-13 00:46:44,3.7,4.7
2025-03-13 00:46:46,3.7,4.9
2025-03-13 00:46:48,3.6,4.7
2025-03-13 00:46:50,3.7,5.8
2025-03-13 00:46:52,3.7,5.7
2025-03-13 00:46:54,3.7,5.8
2025-03-13 00:46:56,3.7,6.2
2025-03-13 00:46:58,3.7,6.2
2025-03-13 00:47:00,3.7,6.1
2025-03-13 00:47:02,3.7,6.2
2025-03-13 00:47:04,3.6,6.4
2025-03-13 00:47:06,3.6,6.1
2025-03-13 00:47:08,3.6,6.0
2025-03-13 00:47:10,3.6,5.9
2025-03-13 00:47:12,3.5,5.9
2025-03-13 00:47:14,3.5,5.9
2025-03-13 00:47:16,3.5,6.0
2025-03-13 00:47:18,3.5,5.9
2025-03-13 00:47:20,3.5,6.0
2025-03-13 00:47:22,3.5,6.0
2025-03-13 00:47:24,3.5,5.9
2025-03-13 00:47:26,3.5,5.9
2025-03-13 00:47:28,3.5,6.1
2025-03-13 00:47:30,3.5,5.9
2025-03-13 00:47:32,3.5,5.9
2025-03-13 00:47:34,3.5,5.9
2025-03-13 00:47:36,3.5,6.0
2025-03-13 00:47:38,3.5,6.1
2025-03-13 00:47:40,3.6,6.2
2025-03-13 00:47:42,3.6,6.2
2025-03-13 00:47:44,3.5,6.2
2025-03-13 00:47:46,3.5,6.1
2025-03-13 00:47:48,3.6,6.1
2025-03-13 00:47:50,3.5,5.1
2025-03-13 00:47:52,3.5,5.1
2025-03-13 00:47:54,3.5,5.0
2025-03-13 00:47:56,3.5,4.5
2025-03-13 00:47:58,3.5,4.5
2025-03-13 00:48:00,3.4,4.4
2025-03-13 00:48:02,3.4,4.3
2025-03-13 00:48:04,3.5,4.5
2025-03-13 00:48:06,3.4,4.4
2025-03-13 00:48:08,3.4,4.5
2025-03-13 00:48:10,3.4,4.4
2025-03-13 00:48:12,3.4,4.4
2025-03-13 00:48:14,3.5,4.3
2025-03-13 00:48:16,3.5,4.3
2025-03-13 00:48:18,3.5,4.4
2025-03-13 00:48:20,3.5,4.5
2025-03-13 00:48:22,3.6,4.5
2025-03-13 00:48:24,3.5,4.6
2025-03-13 00:48:26,3.5,4.5
2025-03-13 00:48:28,3.5,4.5
2025-03-13 00:48:30,3.5,4.5
2025-03-13 00:48:32,3.6,4.7
2025-03-13 00:48:34,3.5,4.6
2025-03-13 00:48:36,3.5,4.6
2025-03-13 00:48:38,3.5,4.4
2025-03-13 00:48:40,3.5,4.4
2025-03-13 00:48:42,3.5,4.4
2025-03-13 00:48:44,3.5,4.4
2025-03-13 00:48:46,3.5,5.2
2025-03-13 00:48:48,3.5,5.2
2025-03-13 00:48:50,3.5,5.1
2025-03-13 00:48:52,3.5,5.1
2025-03-13 00:48:54,3.5,5.1
2025-03-13 00:48:56,3.5,5.1
2025-03-13 00:48:58,3.4,5.1
2025-03-13 00:49:00,3.4,5.0
2025-03-13 00:49:02,3.5,5.1
2025-03-13 00:49:04,3.4,4.5
2025-03-13 00:49:06,3.4,4.6
2025-03-13 00:49:08,3.4,4.7
2025-03-13 00:49:10,3.4,4.9
2025-03-13 00:49:12,3.5,5.0
2025-03-13 00:49:14,3.4,4.9
2025-03-13 00:49:16,3.3,4.8
2025-03-13 00:49:18,3.3,4.8
2025-03-13 00:49:20,3.4,4.7
2025-03-13 00:49:22,3.4,4.7
2025-03-13 00:49:24,3.4,4.7
2025-03-13 00:49:26,3.4,4.7
2025-03-13 00:49:28,3.4,4.5
2025-03-13 00:49:30,3.3,4.6
2025-03-13 00:49:32,3.4,4.5
2025-03-13 00:49:34,3.4,4.6
2025-03-13 00:49:36,3.4,4.7
2025-03-13 00:49:38,3.5,4.9
2025-03-13 00:49:40,3.5,4.8
2025-03-13 00:49:42,3.5,4.8
2025-03-13 00:49:44,3.4,4.8
2025-03-13 00:49:46,3.4,4.0
2025-03-13 00:49:48,3.4,4.0
2025-03-13 00:49:50,3.4,4.0
2025-03-13 00:49:52,3.4,4.0
2025-03-13 00:49:54,3.4,4.0
2025-03-13 00:49:56,3.4,4.0
2025-03-13 00:49:58,3.5,4.1
2025-03-13 00:50:00,3.5,4.1
2025-03-13 00:50:02,3.5,4.4
2025-03-13 00:50:04,3.5,4.4
2025-03-13 00:50:06,3.6,4.5
2025-03-13 00:50:08,3.6,4.6
2025-03-13 00:50:10,3.6,4.5
2025-03-13 00:50:12,3.6,4.4
2025-03-13 00:50:14,3.6,4.4
2025-03-13 00:50:16,3.7,4.7
2025-03-13 00:50:18,3.7,4.6
2025-03-13 00:50:20,3.6,4.6
2025-03-13 00:50:22,3.6,4.6
2025-03-13 00:50:24,3.8,4.7
2025-03-13 00:50:26,3.8,4.8
2025-03-13 00:50:28,3.8,4.8
2025-03-13 00:50:30,3.9,4.8
2025-03-13 00:50:32,3.9,4.7
2025-03-13 00:50:34,3.9,4.8
2025-03-13 00:50:36,3.9,4.8
2025-03-13 00:50:38,3.8,4.6
2025-03-13 00:50:40,3.9,4.7
2025-03-13 00:50:42,3.9,4.7
2025-03-13 00:50:44,3.9,4.7
2025-03-13 00:50:46,3.9,4.7
2025-03-13 00:50:48,3.9,4.8
2025-03-13 00:50:50,4.0,4.8
2025-03-13 00:50:52,4.0,4.9
2025-03-13 00:50:54,4.0,4.9
2025-03-13 00:50:56,3.9,4.9
2025-03-13 00:50:58,3.9,4.9
2025-03-13 00:51:00,3.9,5.4
2025-03-13 00:51:02,3.9,5.4
2025-03-13 00:51:04,3.9,5.4
2025-03-13 00:51:06,3.8,5.2
2025-03-13 00:51:08,3.8,5.1
2025-03-13 00:51:10,3.9,5.1
2025-03-13 00:51:12,3.9,5.1
2025-03-13 00:51:14,3.9,5.1
2025-03-13 00:51:16,3.9,5.0
2025-03-13 00:51:18,3.9,5.2
2025-03-13 00:51:20,3.9,5.1
2025-03-13 00:51:22,3.9,5.1
2025-03-13 00:51:24,3.7,5.1
2025-03-13 00:51:26,3.7,5.0
2025-03-13 00:51:28,3.7,5.0
2025-03-13 00:51:30,3.6,4.9
2025-03-13 00:51:32,3.6,4.9
2025-03-13 00:51:34,3.6,4.8
2025-03-13 00:51:36,3.6,4.7
2025-03-13 00:51:38,3.7,4.8
2025-03-13 00:51:40,3.7,4.8
2025-03-13 00:51:42,3.6,4.8
2025-03-13 00:51:44,3.6,4.8
2025-03-13 00:51:46,3.7,4.9
2025-03-13 00:51:48,3.7,4.9
2025-03-13 00:51:50,3.7,4.9
2025-03-13 00:51:52,3.7,4.8
2025-03-13 00:51:54,3.7,4.8
2025-03-13 00:51:56,3.7,4.8
2025-03-13 00:51:58,3.7,4.8
2025-03-13 00:52:00,3.7,4.4
2025-03-13 00:52:02,3.7,4.2
2025-03-13 00:52:04,3.7,4.2
2025-03-13 00:52:06,3.7,4.3
2025-03-13 00:52:08,3.7,4.3
2025-03-13 00:52:10,3.7,4.4
2025-03-13 00:52:12,3.7,4.2
2025-03-13 00:52:14,3.7,4.3
2025-03-13 00:52:16,3.6,4.2
2025-03-13 00:52:18,3.6,4.1
2025-03-13 00:52:20,3.6,4.1
2025-03-13 00:52:22,3.6,4.2
2025-03-13 00:52:24,3.6,4.1
2025-03-13 00:52:26,3.7,4.1
2025-03-13 00:52:28,3.7,4.4
2025-03-13 00:52:30,3.7,4.6
2025-03-13 00:52:32,3.7,4.6
2025-03-13 00:52:34,3.7,4.5
2025-03-13 00:52:36,3.6,4.5
2025-03-13 00:52:38,3.5,4.4
2025-03-13 00:52:40,3.5,4.4
2025-03-13 00:52:42,3.5,4.3
2025-03-13 00:52:44,3.5,4.3
2025-03-13 00:52:46,3.5,4.2
2025-03-13 00:52:48,3.4,4.2
2025-03-13 00:52:50,3.3,4.1
2025-03-13 00:52:52,3.4,4.2
2025-03-13 00:52:54,3.4,4.5
2025-03-13 00:52:56,3.4,4.5
2025-03-13 00:52:58,3.4,4.4
2025-03-13 00:53:00,3.4,4.2
2025-03-13 00:53:02,3.4,4.4
2025-03-13 00:53:04,3.3,4.3
2025-03-13 00:53:06,3.4,4.3
2025-03-13 00:53:08,3.3,4.2
2025-03-13 00:53:10,3.3,4.2
2025-03-13 00:53:12,3.3,4.3
2025-03-13 00:53:14,3.3,4.3
2025-03-13 00:53:16,3.3,4.4
2025-03-13 00:53:18,3.3,4.3
2025-03-13 00:53:20,3.3,4.4
2025-03-13 00:53:22,3.3,4.3
2025-03-13 00:53:24,3.3,4.4
2025-03-13 00:53:26,3.3,4.4
2025-03-13 00:53:28,3.2,4.1
2025-03-13 00:53:30,3.3,4.3
2025-03-13 00:53:32,3.4,4.5
2025-03-13 00:53:34,3.3,4.4
2025-03-13 00:53:36,3.4,4.5
2025-03-13 00:53:38,3.5,4.7
2025-03-13 00:53:40,3.5,4.7
2025-03-13 00:53:42,3.4,4.9
2025-03-13 00:53:44,3.5,4.9
2025-03-13 00:53:46,3.5,5.0
2025-03-13 00:53:48,3.5,5.0
2025-03-13 00:53:50,3.6,5.5
2025-03-13 00:53:52,3.5,5.4
2025-03-13 00:53:54,3.5,5.0
2025-03-13 00:53:56,3.5,5.1
2025-03-13 00:53:58,3.5,5.2
2025-03-13 00:54:00,3.5,5.3
2025-03-13 00:54:02,3.5,5.1
2025-03-13 00:54:04,3.6,5.2
2025-03-13 00:54:06,3.6,5.2
2025-03-13 00:54:08,3.6,5.3
2025-03-13 00:54:10,3.6,5.3
2025-03-13 00:54:12,3.7,5.2
2025-03-13 00:54:14,3.7,5.2
2025-03-13 00:54:16,3.7,5.1
2025-03-13 00:54:18,3.7,5.1
2025-03-13 00:54:20,3.8,5.1
2025-03-13 00:54:22,3.8,5.1
2025-03-13 00:54:24,3.8,5.0
2025-03-13 00:54:26,3.7,5.0
2025-03-13 00:54:28,3.7,5.4
2025-03-13 00:54:30,3.6,5.0
2025-03-13 00:54:32,3.6,4.9
2025-03-13 00:54:34,3.6,4.9
2025-03-13 00:54:36,3.6,4.9
2025-03-13 00:54:38,3.6,4.6
2025-03-13 00:54:40,3.6,4.7
2025-03-13 00:54:42,3.5,4.5
2025-03-13 00:54:44,3.6,4.5
2025-03-13 00:54:46,3.5,4.4
2025-03-13 00:54:48,3.5,4.4
2025-03-13 00:54:50,3.5,4.1
2025-03-13 00:54:52,3.5,4.1
2025-03-13 00:54:54,3.5,4.1
2025-03-13 00:54:56,3.5,4.1
2025-03-13 00:54:58,3.5,4.0
2025-03-13 00:55:00,3.5,3.9
2025-03-13 00:55:02,3.5,4.1
2025-03-13 00:55:04,3.4,4.0
2025-03-13 00:55:06,3.4,3.9
2025-03-13 00:55:08,3.4,3.9
2025-03-13 00:55:10,3.4,3.9
2025-03-13 00:55:12,3.4,4.0
2025-03-13 00:55:14,3.4,4.0
2025-03-13 00:55:16,3.4,4.1
2025-03-13 00:55:18,3.3,4.1
2025-03-13 00:55:20,3.3,4.2
2025-03-13 00:55:22,3.3,4.1
2025-03-13 00:55:24,3.3,4.2
2025-03-13 00:55:26,3.3,4.2
2025-03-13 00:55:28,3.3,3.8
2025-03-13 00:55:30,3.3,3.9
2025-03-13 00:55:32,3.3,3.9
2025-03-13 00:55:34,3.4,4.0
2025-03-13 00:55:36,3.3,4.0
2025-03-13 00:55:38,3.4,4.1
2025-03-13 00:55:40,3.4,4.0
2025-03-13 00:55:42,3.4,4.1
2025-03-13 00:55:44,3.4,4.3
2025-03-13 00:55:46,3.4,4.3
2025-03-13 00:55:48,3.4,4.4
2025-03-13 00:55:50,3.4,4.5
2025-03-13 00:55:52,3.4,4.5
2025-03-13 00:55:54,3.4,4.5
2025-03-13 00:55:56,3.4,4.5
2025-03-13 00:55:58,3.4,4.5
2025-03-13 00:56:00,3.4,4.5
2025-03-13 00:56:02,3.4,4.4
2025-03-13 00:56:04,3.4,4.4
2025-03-13 00:56:06,3.3,4.4
2025-03-13 00:56:08,3.3,4.4
2025-03-13 00:56:10,3.4,4.4
2025-03-13 00:56:12,3.3,4.4
2025-03-13 00:56:14,3.4,4.5
2025-03-13 00:56:16,3.4,4.4
2025-03-13 00:56:18,3.5,4.3
2025-03-13 00:56:20,3.5,4.3
2025-03-13 00:56:22,3.5,5.3
2025-03-13 00:56:24,3.5,5.3
2025-03-13 00:56:26,3.5,5.3
2025-03-13 00:56:28,3.5,5.4
2025-03-13 00:56:30,3.5,5.3
2025-03-13 00:56:32,3.4,5.2
2025-03-13 00:56:34,3.4,5.3
2025-03-13 00:56:36,3.5,5.4
2025-03-13 00:56:38,3.4,5.4
2025-03-13 00:56:40,3.4,5.6
2025-03-13 00:56:42,3.5,5.5
2025-03-13 00:56:44,3.5,5.4
2025-03-13 00:56:46,3.5,5.5
2025-03-13 00:56:48,3.5,5.5
2025-03-13 00:56:50,3.4,5.3
2025-03-13 00:56:52,3.4,5.2
2025-03-13 00:56:54,3.5,5.5
2025-03-13 00:56:56,3.4,5.4
2025-03-13 00:56:58,3.5,5.5
2025-03-13 00:57:00,3.4,5.6
2025-03-13 00:57:02,3.5,5.6
2025-03-13 00:57:04,3.5,5.6
2025-03-13 00:57:06,3.5,5.5
2025-03-13 00:57:08,3.5,5.8
2025-03-13 00:57:10,3.5,5.9
2025-03-13 00:57:12,3.5,5.9
2025-03-13 00:57:14,3.5,5.9
2025-03-13 00:57:16,3.5,5.9
2025-03-13 00:57:18,3.4,5.9
2025-03-13 00:57:20,3.4,5.9
2025-03-13 00:57:22,3.4,4.9
2025-03-13 00:57:24,3.4,5.0
2025-03-13 00:57:26,3.4,5.0
2025-03-13 00:57:28,3.6,5.1
2025-03-13 00:57:30,3.6,5.1
2025-03-13 00:57:32,3.6,5.1
2025-03-13 00:57:34,3.6,4.9
2025-03-13 00:57:36,3.5,4.8
2025-03-13 00:57:38,3.6,4.8
2025-03-13 00:57:40,3.6,4.8
2025-03-13 00:57:42,3.6,5.2
2025-03-13 00:57:44,3.6,5.2
2025-03-13 00:57:46,3.7,5.1
2025-03-13 00:57:48,3.7,5.1
2025-03-13 00:57:50,3.6,5.1
2025-03-13 00:57:52,3.7,5.1
2025-03-13 00:57:54,3.6,4.8
2025-03-13 00:57:56,3.7,5.0
2025-03-13 00:57:58,3.7,4.9
2025-03-13 00:58:00,3.7,4.8
2025-03-13 00:58:02,3.7,4.8
2025-03-13 00:58:04,3.6,4.8
2025-03-13 00:58:06,3.7,4.8
2025-03-13 00:58:08,3.6,4.6
2025-03-13 00:58:10,3.7,4.5
2025-03-13 00:58:12,3.7,4.5
2025-03-13 00:58:14,3.7,5.0
2025-03-13 00:58:16,3.7,5.0
2025-03-13 00:58:18,3.7,5.0
2025-03-13 00:58:20,3.7,5.0
2025-03-13 00:58:22,3.7,5.0
2025-03-13 00:58:24,3.7,5.0
2025-03-13 00:58:26,3.7,5.0
2025-03-13 00:58:28,3.6,4.8
2025-03-13 00:58:30,3.6,4.8
2025-03-13 00:58:32,3.5,4.8
2025-03-13 00:58:34,3.6,4.9
2025-03-13 00:58:36,3.6,5.1
2025-03-13 00:58:38,3.6,5.1
2025-03-13 00:58:40,3.6,5.0
2025-03-13 00:58:42,3.6,4.9
2025-03-13 00:58:44,3.5,4.9
2025-03-13 00:58:46,3.4,4.8
2025-03-13 00:58:48,3.5,5.0
2025-03-13 00:58:50,3.5,5.0
2025-03-13 00:58:52,3.5,5.0
2025-03-13 00:58:54,3.6,5.1
2025-03-13 00:58:56,3.5,5.0
2025-03-13 00:58:58,3.6,5.0
2025-03-13 00:59:00,3.6,5.5
2025-03-13 00:59:02,3.5,5.5
2025-03-13 00:59:04,3.6,5.6
2025-03-13 00:59:06,3.6,5.5
2025-03-13 00:59:08,3.5,5.5
2025-03-13 00:59:10,3.5,5.3
2025-03-13 00:59:12,3.5,5.7
2025-03-13 00:59:14,3.5,5.2
2025-03-13 00:59:16,3.5,5.3
2025-03-13 00:59:18,3.6,5.4
2025-03-13 00:59:20,3.5,5.5
2025-03-13 00:59:22,3.5,5.5
2025-03-13 00:59:24,3.5,5.4
2025-03-13 00:59:26,3.5,5.4
2025-03-13 00:59:28,3.5,5.3
2025-03-13 00:59:30,3.5,5.4
2025-03-13 00:59:32,3.4,5.4
2025-03-13 00:59:34,3.4,5.3
2025-03-13 00:59:36,3.4,5.0
2025-03-13 00:59:38,3.4,5.1
2025-03-13 00:59:40,3.5,5.6
2025-03-13 00:59:42,3.5,5.2
2025-03-13 00:59:44,3.5,5.2
2025-03-13 00:59:46,3.5,5.2
2025-03-13 00:59:48,3.4,5.1
2025-03-13 00:59:50,3.4,5.1
2025-03-13 00:59:52,3.4,5.0
2025-03-13 00:59:54,3.3,5.0
2025-03-13 00:59:56,3.4,5.1
2025-03-13 00:59:58,3.4,5.2
2025-03-13 01:00:00,3.4,4.9
2025-03-13 01:00:02,3.4,4.9
2025-03-13 01:00:04,3.4,4.9
2025-03-13 01:00:06,3.4,4.9
2025-03-13 01:00:08,3.5,5.1
2025-03-13 01:00:10,3.5,6.4
2025-03-13 01:00:12,3.6,6.5
2025-03-13 01:00:14,3.5,6.4
2025-03-13 01:00:16,3.5,6.3
2025-03-13 01:00:18,3.5,6.2
2025-03-13 01:00:20,3.5,6.0
2025-03-13 01:00:22,3.5,6.1
2025-03-13 01:00:24,3.5,6.0
2025-03-13 01:00:26,3.5,6.0
2025-03-13 01:00:28,3.5,6.2
2025-03-13 01:00:30,3.5,6.2
2025-03-13 01:00:32,3.6,6.2
2025-03-13 01:00:34,3.6,6.4
2025-03-13 01:00:36,3.6,6.4
2025-03-13 01:00:38,3.5,6.4
2025-03-13 01:00:40,3.5,6.0
2025-03-13 01:00:42,3.5,6.0
2025-03-13 01:00:44,3.5,6.1
2025-03-13 01:00:46,3.6,6.1
2025-03-13 01:00:48,3.6,6.1
2025-03-13 01:00:50,3.6,6.2
2025-03-13 01:00:52,3.6,6.2
2025-03-13 01:00:54,3.6,6.2
2025-03-13 01:00:56,3.6,6.1
2025-03-13 01:00:58,3.5,5.9
2025-03-13 01:01:00,3.5,5.8
2025-03-13 01:01:02,3.5,5.8
2025-03-13 01:01:04,3.5,5.9
2025-03-13 01:01:06,3.5,5.9
2025-03-13 01:01:08,3.4,5.8
2025-03-13 01:01:10,3.4,4.5
2025-03-13 01:01:12,3.4,4.0
2025-03-13 01:01:14,3.3,4.0
2025-03-13 01:01:16,3.4,4.0
2025-03-13 01:01:18,3.4,4.1
2025-03-13 01:01:20,3.3,4.1
2025-03-13 01:01:22,3.3,4.1
2025-03-13 01:01:24,3.4,4.2
2025-03-13 01:01:26,3.4,4.2
2025-03-13 01:01:28,3.4,4.0
2025-03-13 01:01:30,3.4,4.3
2025-03-13 01:01:32,3.4,4.3
2025-03-13 01:01:34,3.4,4.1
2025-03-13 01:01:36,3.4,4.1
2025-03-13 01:01:38,3.3,4.1
2025-03-13 01:01:40,3.3,4.1
2025-03-13 01:01:42,3.4,4.3
2025-03-13 01:01:44,3.4,4.2
2025-03-13 01:01:46,3.4,4.3
2025-03-13 01:01:48,3.4,4.3
2025-03-13 01:01:50,3.4,4.3
2025-03-13 01:01:52,3.5,4.3
2025-03-13 01:01:54,3.4,4.3
2025-03-13 01:01:56,3.4,4.3
2025-03-13 01:01:58,3.4,4.4
2025-03-13 01:02:00,3.4,4.3
2025-03-13 01:02:02,3.6,4.5
2025-03-13 01:02:05,3.6,4.4
2025-03-13 01:02:07,3.5,4.3
2025-03-13 01:02:09,3.5,4.7
2025-03-13 01:02:11,3.5,4.6
2025-03-13 01:02:13,3.5,5.4
2025-03-13 01:02:15,3.5,5.4
2025-03-13 01:02:17,3.5,5.3
2025-03-13 01:02:19,3.5,5.2
2025-03-13 01:02:21,3.5,5.3
2025-03-13 01:02:23,3.5,5.3
2025-03-13 01:02:25,3.4,5.2
2025-03-13 01:02:27,3.5,5.2
2025-03-13 01:02:29,3.5,5.3
2025-03-13 01:02:31,3.5,4.9
2025-03-13 01:02:33,3.5,5.0
2025-03-13 01:02:35,3.5,5.0
2025-03-13 01:02:37,3.5,5.0
2025-03-13 01:02:39,3.5,4.9
2025-03-13 01:02:41,3.5,5.2
2025-03-13 01:02:43,3.5,5.0
2025-03-13 01:02:45,3.6,5.0
2025-03-13 01:02:47,3.6,5.0
2025-03-13 01:02:49,3.5,4.9
2025-03-13 01:02:51,3.5,4.9
2025-03-13 01:02:53,3.4,4.8
2025-03-13 01:02:55,3.4,4.8
2025-03-13 01:02:57,3.5,4.8
2025-03-13 01:02:59,3.5,4.8
2025-03-13 01:03:01,3.5,4.8
2025-03-13 01:03:03,3.3,4.7
2025-03-13 01:03:05,3.3,4.6
2025-03-13 01:03:07,3.4,4.8
2025-03-13 01:03:09,3.4,4.5
2025-03-13 01:03:11,3.3,4.5
2025-03-13 01:03:13,3.3,3.7
2025-03-13 01:03:15,3.4,4.0
2025-03-13 01:03:17,3.4,4.0
2025-03-13 01:03:19,3.5,4.0
2025-03-13 01:03:21,3.4,3.9
2025-03-13 01:03:23,3.5,5.9
2025-03-13 01:03:25,3.5,5.9
2025-03-13 01:03:27,3.4,6.2
2025-03-13 01:03:29,3.4,6.2
2025-03-13 01:03:31,3.4,6.6
2025-03-13 01:03:33,3.4,6.6
2025-03-13 01:03:35,3.5,6.6
2025-03-13 01:03:37,3.5,6.7
2025-03-13 01:03:39,3.5,6.7
2025-03-13 01:03:41,3.5,6.9
2025-03-13 01:03:43,3.5,7.0
2025-03-13 01:03:45,3.4,6.9
2025-03-13 01:03:47,3.4,6.9
2025-03-13 01:03:49,3.4,6.8
2025-03-13 01:03:51,3.5,6.9
2025-03-13 01:03:53,3.4,7.0
2025-03-13 01:03:55,3.5,7.0
2025-03-13 01:03:57,3.5,7.0
2025-03-13 01:03:59,3.5,7.0
2025-03-13 01:04:01,3.5,7.0
2025-03-13 01:04:03,3.6,7.0
2025-03-13 01:04:05,3.6,7.1
2025-03-13 01:04:07,3.7,7.0
2025-03-13 01:04:09,3.7,7.1
2025-03-13 01:04:11,3.7,7.1
2025-03-13 01:04:13,3.7,7.2
2025-03-13 01:04:15,3.7,7.1
2025-03-13 01:04:17,3.6,7.3
2025-03-13 01:04:19,3.7,7.3
2025-03-13 01:04:21,3.6,7.3
2025-03-13 01:04:23,3.6,5.3
2025-03-13 01:04:25,3.6,5.4
2025-03-13 01:04:27,3.6,5.2
2025-03-13 01:04:29,3.6,5.1
2025-03-13 01:04:31,3.7,4.8
2025-03-13 01:04:33,3.6,4.8
2025-03-13 01:04:35,3.6,4.8
2025-03-13 01:04:37,3.6,4.7
2025-03-13 01:04:39,3.6,4.7
2025-03-13 01:04:41,3.5,4.3
2025-03-13 01:04:43,3.5,4.2
2025-03-13 01:04:45,3.5,4.7
2025-03-13 01:04:47,3.5,4.8
2025-03-13 01:04:49,3.6,4.8
2025-03-13 01:04:51,3.5,4.8
2025-03-13 01:04:53,3.6,4.7
2025-03-13 01:04:55,3.6,4.7
2025-03-13 01:04:57,3.5,4.7
2025-03-13 01:04:59,3.5,4.7
2025-03-13 01:05:01,3.5,4.7
2025-03-13 01:05:03,3.5,4.7
2025-03-13 01:05:05,3.5,4.6
2025-03-13 01:05:07,3.4,4.6
2025-03-13 01:05:09,3.4,4.4
2025-03-13 01:05:11,3.5,4.5
2025-03-13 01:05:13,3.4,4.4
2025-03-13 01:05:15,3.4,4.3
2025-03-13 01:05:17,3.4,4.1
2025-03-13 01:05:19,3.4,4.1
2025-03-13 01:05:21,3.4,4.1
2025-03-13 01:05:23,3.4,4.1
2025-03-13 01:05:25,3.3,4.3
2025-03-13 01:05:27,3.4,4.3
2025-03-13 01:05:29,3.4,4.3
2025-03-13 01:05:31,3.4,4.3
2025-03-13 01:05:33,3.5,4.4
2025-03-13 01:05:35,3.5,4.4
2025-03-13 01:05:37,3.5,4.5
2025-03-13 01:05:39,3.6,4.5
2025-03-13 01:05:41,3.6,4.4
2025-03-13 01:05:43,3.6,4.4
2025-03-13 01:05:45,3.7,4.1
2025-03-13 01:05:47,3.7,4.1
2025-03-13 01:05:49,3.7,4.1
2025-03-13 01:05:51,3.7,4.1
2025-03-13 01:05:53,3.7,4.1
2025-03-13 01:05:55,3.6,4.0
2025-03-13 01:05:57,3.6,4.0
2025-03-13 01:05:59,3.6,4.0
2025-03-13 01:06:01,3.6,4.0
2025-03-13 01:06:03,3.6,4.1
2025-03-13 01:06:05,3.7,4.3
2025-03-13 01:06:07,3.7,4.3
2025-03-13 01:06:09,3.7,4.4
2025-03-13 01:06:11,3.7,4.4
2025-03-13 01:06:13,3.8,4.5
2025-03-13 01:06:15,3.8,4.5
2025-03-13 01:06:17,3.8,4.5
2025-03-13 01:06:19,3.8,4.4
2025-03-13 01:06:21,3.8,4.4
2025-03-13 01:06:23,3.8,4.5
2025-03-13 01:06:25,3.8,4.2
2025-03-13 01:06:27,3.8,4.2
2025-03-13 01:06:29,3.8,4.3
2025-03-13 01:06:31,3.8,4.2
2025-03-13 01:06:33,3.8,4.2
2025-03-13 01:06:35,3.8,4.2
2025-03-13 01:06:37,3.9,4.3
2025-03-13 01:06:39,3.9,4.3
2025-03-13 01:06:41,3.9,4.3
2025-03-13 01:06:43,3.9,4.3
2025-03-13 01:06:45,3.8,4.2
2025-03-13 01:06:47,3.8,4.8
2025-03-13 01:06:49,3.8,4.7
2025-03-13 01:06:51,3.7,4.6
2025-03-13 01:06:53,3.7,4.6
2025-03-13 01:06:55,3.7,5.0
2025-03-13 01:06:57,3.7,5.0
2025-03-13 01:06:59,3.7,5.1
2025-03-13 01:07:01,3.7,5.0
2025-03-13 01:07:03,3.7,5.0
2025-03-13 01:07:05,3.6,4.8
2025-03-13 01:07:07,3.6,5.0
2025-03-13 01:07:09,3.6,5.0
2025-03-13 01:07:11,3.6,5.1
2025-03-13 01:07:13,3.6,5.2
2025-03-13 01:07:15,3.8,5.3
2025-03-13 01:07:17,3.8,5.3
2025-03-13 01:07:19,3.8,5.3
2025-03-13 01:07:21,3.8,5.7
2025-03-13 01:07:23,3.8,5.7
2025-03-13 01:07:25,3.8,5.7
2025-03-13 01:07:27,3.8,5.6
2025-03-13 01:07:29,3.7,5.5
2025-03-13 01:07:31,3.7,5.6
2025-03-13 01:07:33,3.7,5.7
2025-03-13 01:07:35,3.6,5.6
2025-03-13 01:07:37,3.6,5.6
2025-03-13 01:07:39,3.5,5.7
2025-03-13 01:07:41,3.5,5.5
2025-03-13 01:07:43,3.5,5.5
2025-03-13 01:07:45,3.5,5.5
2025-03-13 01:07:47,3.4,5.0
2025-03-13 01:07:49,3.5,5.0
2025-03-13 01:07:51,3.6,5.0
2025-03-13 01:07:53,3.6,5.1
2025-03-13 01:07:55,3.7,4.8
2025-03-13 01:07:57,3.7,4.8
2025-03-13 01:07:59,3.7,4.8
2025-03-13 01:08:01,3.6,4.7
2025-03-13 01:08:03,3.6,4.7
2025-03-13 01:08:05,3.6,4.6
2025-03-13 01:08:07,3.6,4.4
2025-03-13 01:08:09,3.6,4.4
2025-03-13 01:08:11,3.5,4.2
2025-03-13 01:08:13,3.5,4.1
2025-03-13 01:08:15,3.4,4.1
2025-03-13 01:08:17,3.4,4.1
2025-03-13 01:08:19,3.4,4.5
2025-03-13 01:08:21,3.5,4.2
2025-03-13 01:08:23,3.4,4.2
2025-03-13 01:08:25,3.4,4.2
2025-03-13 01:08:27,3.4,4.2
2025-03-13 01:08:29,3.5,4.2
2025-03-13 01:08:31,3.4,4.0
2025-03-13 01:08:33,3.5,4.1
2025-03-13 01:08:35,3.5,4.1
2025-03-13 01:08:37,3.6,5.1
2025-03-13 01:08:39,3.6,5.0
2025-03-13 01:08:41,3.5,4.9
2025-03-13 01:08:43,3.5,5.0
2025-03-13 01:08:45,3.5,5.0
2025-03-13 01:08:47,3.5,5.3
2025-03-13 01:08:49,3.6,5.6
2025-03-13 01:08:51,3.6,5.6
2025-03-13 01:08:53,3.6,5.6
2025-03-13 01:08:55,3.6,5.7
2025-03-13 01:08:57,3.6,5.7
2025-03-13 01:08:59,3.6,5.8
2025-03-13 01:09:01,3.7,6.0
2025-03-13 01:09:03,3.7,5.9
2025-03-13 01:09:05,3.7,6.1
2025-03-13 01:09:07,3.7,6.1
2025-03-13 01:09:09,3.7,6.1
2025-03-13 01:09:11,3.7,6.1
2025-03-13 01:09:13,3.7,6.1
2025-03-13 01:09:15,3.6,6.7
2025-03-13 01:09:17,3.6,6.5
2025-03-13 01:09:19,3.6,6.1
2025-03-13 01:09:21,3.7,6.2
2025-03-13 01:09:23,3.6,6.2
2025-03-13 01:09:25,3.6,6.2
2025-03-13 01:09:27,3.7,6.2
2025-03-13 01:09:29,3.7,6.2
2025-03-13 01:09:31,3.7,6.3
2025-03-13 01:09:33,3.6,6.2
2025-03-13 01:09:35,3.6,6.1
2025-03-13 01:09:37,3.5,5.2
2025-03-13 01:09:39,3.7,6.0
2025-03-13 01:09:41,3.7,6.9
2025-03-13 01:09:43,3.7,7.3
2025-03-13 01:09:45,3.7,7.2
2025-03-13 01:09:47,3.7,6.9
2025-03-13 01:09:49,3.6,6.6
2025-03-13 01:09:51,3.7,6.5
2025-03-13 01:09:53,3.7,6.5
2025-03-13 01:09:55,3.7,6.4
2025-03-13 01:09:57,3.7,6.4
2025-03-13 01:09:59,3.7,6.5
2025-03-13 01:10:01,3.6,6.8
2025-03-13 01:10:03,3.6,6.9
2025-03-13 01:10:05,3.6,6.8
2025-03-13 01:10:07,3.6,6.7
2025-03-13 01:10:09,3.6,6.7
2025-03-13 01:10:11,3.7,6.7
2025-03-13 01:10:13,3.7,6.8
2025-03-13 01:10:15,3.7,6.6
2025-03-13 01:10:17,3.7,7.0
2025-03-13 01:10:19,3.7,7.0
2025-03-13 01:10:21,3.7,7.1
2025-03-13 01:10:23,3.8,7.1
2025-03-13 01:10:25,3.8,7.2
2025-03-13 01:10:27,3.8,7.3
2025-03-13 01:10:29,3.8,7.3
2025-03-13 01:10:31,3.8,7.2
2025-03-13 01:10:33,3.8,7.3
2025-03-13 01:10:35,3.8,7.3
2025-03-13 01:10:37,3.8,7.4
2025-03-13 01:10:39,3.8,6.6
2025-03-13 01:10:41,3.7,5.7
2025-03-13 01:10:43,3.7,5.4
2025-03-13 01:10:45,3.8,5.4
2025-03-13 01:10:47,3.8,5.6
2025-03-13 01:10:49,3.7,5.6
2025-03-13 01:10:51,3.7,5.6
2025-03-13 01:10:53,3.7,5.6
2025-03-13 01:10:55,3.7,5.7
2025-03-13 01:10:57,3.8,6.0
2025-03-13 01:10:59,3.8,5.9
2025-03-13 01:11:01,3.8,5.4
2025-03-13 01:11:03,3.8,5.5
2025-03-13 01:11:05,3.8,5.5
2025-03-13 01:11:07,3.7,5.4
2025-03-13 01:11:09,3.7,5.4
2025-03-13 01:11:11,3.7,5.4
2025-03-13 01:11:13,3.7,5.4
2025-03-13 01:11:15,3.6,5.1
2025-03-13 01:11:17,3.6,4.7
2025-03-13 01:11:19,3.6,4.6
2025-03-13 01:11:21,3.6,4.5
2025-03-13 01:11:23,3.7,4.6
2025-03-13 01:11:25,3.7,4.6
2025-03-13 01:11:27,3.7,4.6
2025-03-13 01:11:29,3.7,4.6
2025-03-13 01:11:31,3.7,4.6
2025-03-13 01:11:33,3.6,4.5
2025-03-13 01:11:35,3.6,4.8
2025-03-13 01:11:37,3.6,5.1
2025-03-13 01:11:39,3.6,5.2
2025-03-13 01:11:41,3.7,5.2
2025-03-13 01:11:43,3.7,5.1
2025-03-13 01:11:45,3.6,5.1
2025-03-13 01:11:47,3.6,5.3
2025-03-13 01:11:49,3.7,5.3
2025-03-13 01:11:51,3.7,5.6
2025-03-13 01:11:53,3.8,5.8
2025-03-13 01:11:55,3.7,5.7
2025-03-13 01:11:57,3.7,5.3
2025-03-13 01:11:59,3.6,5.2
2025-03-13 01:12:01,3.6,5.3
2025-03-13 01:12:03,3.6,5.3
2025-03-13 01:12:05,3.6,5.3
2025-03-13 01:12:07,3.6,5.3
2025-03-13 01:12:09,3.7,5.3
2025-03-13 01:12:11,3.7,5.3
2025-03-13 01:12:13,3.7,5.3
2025-03-13 01:12:15,3.7,5.8
2025-03-13 01:12:17,3.7,5.7
2025-03-13 01:12:19,3.7,5.7
2025-03-13 01:12:21,3.6,5.7
2025-03-13 01:12:23,3.6,5.6
2025-03-13 01:12:25,3.6,5.6
2025-03-13 01:12:27,3.6,5.5
2025-03-13 01:12:29,3.6,5.5
2025-03-13 01:12:31,3.6,5.5
2025-03-13 01:12:33,3.7,5.6
2025-03-13 01:12:35,3.7,5.2
2025-03-13 01:12:37,3.7,5.0
2025-03-13 01:12:39,3.8,5.0
2025-03-13 01:12:41,3.8,5.0
2025-03-13 01:12:43,3.7,4.9
2025-03-13 01:12:45,3.8,4.9
2025-03-13 01:12:47,3.8,4.8
2025-03-13 01:12:49,3.8,4.8
2025-03-13 01:12:51,3.8,4.6
2025-03-13 01:12:53,3.7,5.1
2025-03-13 01:12:55,3.7,5.3
2025-03-13 01:12:57,3.7,5.7
2025-03-13 01:12:59,3.8,5.7
2025-03-13 01:13:01,3.8,5.6
2025-03-13 01:13:03,3.8,5.6
2025-03-13 01:13:05,3.8,5.6
2025-03-13 01:13:07,3.8,5.7
2025-03-13 01:13:09,3.8,5.7
2025-03-13 01:13:11,3.8,6.0
2025-03-13 01:13:13,3.8,5.9
2025-03-13 01:13:15,3.9,5.9
2025-03-13 01:13:17,3.9,5.9
2025-03-13 01:13:19,3.9,6.3
2025-03-13 01:13:21,3.9,6.3
2025-03-13 01:13:23,3.9,6.2
2025-03-13 01:13:25,3.9,6.2
2025-03-13 01:13:27,3.9,6.2
2025-03-13 01:13:29,3.8,6.2
2025-03-13 01:13:31,3.9,6.2
2025-03-13 01:13:33,3.9,6.8
2025-03-13 01:13:35,4.0,6.9
2025-03-13 01:13:37,3.9,6.9
2025-03-13 01:13:39,3.8,6.9
2025-03-13 01:13:41,3.8,6.8
2025-03-13 01:13:43,3.8,7.3
2025-03-13 01:13:45,3.8,7.6
2025-03-13 01:13:47,3.7,7.5
2025-03-13 01:13:49,3.7,7.5
2025-03-13 01:13:51,3.6,7.4
2025-03-13 01:13:53,3.6,6.6
2025-03-13 01:13:55,3.6,6.6
2025-03-13 01:13:57,3.7,6.4
2025-03-13 01:13:59,3.7,6.5
2025-03-13 01:14:01,3.7,6.5
2025-03-13 01:14:03,3.7,6.6
2025-03-13 01:14:05,3.7,6.5
2025-03-13 01:14:07,3.7,6.5
2025-03-13 01:14:09,3.6,6.4
2025-03-13 01:14:11,3.6,6.2
2025-03-13 01:14:13,3.6,6.1
2025-03-13 01:14:15,3.6,5.7
2025-03-13 01:14:17,3.6,5.8
2025-03-13 01:14:19,3.6,5.6
2025-03-13 01:14:21,3.6,5.7
2025-03-13 01:14:23,3.6,5.8
2025-03-13 01:14:25,3.5,5.8
2025-03-13 01:14:27,3.5,5.8
2025-03-13 01:14:29,3.5,5.8
2025-03-13 01:14:31,3.5,6.6
2025-03-13 01:14:33,3.5,6.0
2025-03-13 01:14:35,3.5,5.9
2025-03-13 01:14:37,3.5,5.8
2025-03-13 01:14:39,3.5,5.8
2025-03-13 01:14:41,3.6,5.9
2025-03-13 01:14:43,3.6,5.5
2025-03-13 01:14:45,3.6,5.2
2025-03-13 01:14:47,3.6,5.3
2025-03-13 01:14:49,3.7,5.3
2025-03-13 01:14:51,3.7,5.4
2025-03-13 01:14:53,3.8,5.5
2025-03-13 01:14:55,3.7,5.4
2025-03-13 01:14:57,3.6,5.3
2025-03-13 01:14:59,3.7,5.1
2025-03-13 01:15:01,3.6,5.0
2025-03-13 01:15:03,3.6,5.0
2025-03-13 01:15:05,3.6,5.2
2025-03-13 01:15:07,3.6,5.2
2025-03-13 01:15:09,3.6,5.2
2025-03-13 01:15:11,3.6,5.2
2025-03-13 01:15:13,3.6,5.2
2025-03-13 01:15:15,3.6,5.2
2025-03-13 01:15:17,3.5,5.1
2025-03-13 01:15:19,3.6,5.0
2025-03-13 01:15:21,3.6,4.9
2025-03-13 01:15:23,3.6,5.0
2025-03-13 01:15:25,3.7,5.0
2025-03-13 01:15:27,3.7,5.0
2025-03-13 01:15:29,3.7,5.0
2025-03-13 01:15:31,3.7,4.2
2025-03-13 01:15:33,3.6,4.3
2025-03-13 01:15:35,3.6,4.3
2025-03-13 01:15:37,3.6,4.4
2025-03-13 01:15:39,3.6,4.4
2025-03-13 01:15:41,3.6,4.4
2025-03-13 01:15:43,3.6,4.4
2025-03-13 01:15:45,3.6,4.4
2025-03-13 01:15:47,3.5,4.2
2025-03-13 01:15:49,3.5,4.2
2025-03-13 01:15:51,3.5,4.2
2025-03-13 01:15:53,3.5,4.1
2025-03-13 01:15:55,3.5,4.1
2025-03-13 01:15:57,3.5,4.2
2025-03-13 01:15:59,3.4,4.1
2025-03-13 01:16:01,3.5,4.1
2025-03-13 01:16:03,3.5,4.1
2025-03-13 01:16:05,3.5,3.9
2025-03-13 01:16:07,3.6,4.2
2025-03-13 01:16:09,3.6,4.1
2025-03-13 01:16:11,3.6,4.2
2025-03-13 01:16:13,3.6,4.2
2025-03-13 01:16:15,3.6,4.4
2025-03-13 01:16:17,3.6,4.4
2025-03-13 01:16:19,3.6,4.4
2025-03-13 01:16:21,3.5,4.4
2025-03-13 01:16:23,3.5,4.4
2025-03-13 01:16:25,3.5,4.4
2025-03-13 01:16:27,3.5,4.4
2025-03-13 01:16:29,3.5,4.5
2025-03-13 01:16:31,3.5,4.4
2025-03-13 01:16:33,3.5,4.3
2025-03-13 01:16:35,3.5,4.6
2025-03-13 01:16:37,3.5,4.6
2025-03-13 01:16:39,3.6,4.6
2025-03-13 01:16:41,3.5,4.6
2025-03-13 01:16:43,3.6,4.8
2025-03-13 01:16:45,3.6,4.8
2025-03-13 01:16:47,3.5,4.8
2025-03-13 01:16:49,3.6,4.8
2025-03-13 01:16:51,3.6,4.8
2025-03-13 01:16:53,3.6,4.8
2025-03-13 01:16:55,3.6,4.8
2025-03-13 01:16:57,3.6,4.6
2025-03-13 01:16:59,3.6,4.7
2025-03-13 01:17:01,3.6,4.7
2025-03-13 01:17:03,3.6,4.8
2025-03-13 01:17:05,3.6,4.7
2025-03-13 01:17:07,3.6,4.7
2025-03-13 01:17:09,3.6,4.7
2025-03-13 01:17:11,3.6,4.8
2025-03-13 01:17:13,3.5,4.7
2025-03-13 01:17:15,3.5,4.5
2025-03-13 01:17:17,3.5,4.5
2025-03-13 01:17:19,3.6,4.5
2025-03-13 01:17:21,3.7,4.6
2025-03-13 01:17:23,3.6,4.5
2025-03-13 01:17:25,3.6,4.5
2025-03-13 01:17:27,3.6,4.4
2025-03-13 01:17:29,3.6,4.5
2025-03-13 01:17:31,3.6,4.6
2025-03-13 01:17:33,3.6,4.5
2025-03-13 01:17:35,3.6,4.2
2025-03-13 01:17:37,3.5,4.1
2025-03-13 01:17:39,3.5,4.3
2025-03-13 01:17:41,3.6,4.2
2025-03-13 01:17:43,3.5,4.0
2025-03-13 01:17:45,3.5,4.0
2025-03-13 01:17:47,3.5,4.0
2025-03-13 01:17:49,3.5,4.0
2025-03-13 01:17:51,3.5,4.0
2025-03-13 01:17:53,3.5,4.0
2025-03-13 01:17:55,3.4,3.9
2025-03-13 01:17:57,3.4,4.0
2025-03-13 01:17:59,3.5,4.0
2025-03-13 01:18:01,3.5,4.1
2025-03-13 01:18:03,3.4,4.0
2025-03-13 01:18:05,3.4,4.1
2025-03-13 01:18:07,3.4,3.9
2025-03-13 01:18:09,3.4,3.8
2025-03-13 01:18:11,3.4,3.9
2025-03-13 01:18:13,3.4,4.1
2025-03-13 01:18:15,3.5,4.1
2025-03-13 01:18:17,3.5,4.1
2025-03-13 01:18:19,3.5,4.1
2025-03-13 01:18:21,3.4,4.0
2025-03-13 01:18:23,3.4,4.0
2025-03-13 01:18:25,3.4,4.0
2025-03-13 01:18:27,3.4,4.0
2025-03-13 01:18:29,3.4,3.9
2025-03-13 01:18:31,3.4,3.9
2025-03-13 01:18:33,3.4,3.9
2025-03-13 01:18:35,3.4,3.9
2025-03-13 01:18:37,3.4,3.8
2025-03-13 01:18:39,3.5,3.9
2025-03-13 01:18:41,3.5,3.9
2025-03-13 01:18:43,3.5,3.9
2025-03-13 01:18:45,3.4,3.8
2025-03-13 01:18:47,3.5,3.9
2025-03-13 01:18:49,3.5,3.9
2025-03-13 01:18:51,3.5,3.9
2025-03-13 01:18:53,3.6,4.0
2025-03-13 01:18:55,3.6,4.1
2025-03-13 01:18:57,3.6,4.1
2025-03-13 01:18:59,3.6,4.0
2025-03-13 01:19:01,3.5,4.0
2025-03-13 01:19:03,3.5,3.9
2025-03-13 01:19:05,3.5,3.9
2025-03-13 01:19:07,3.5,3.9
2025-03-13 01:19:09,3.6,4.0
2025-03-13 01:19:11,3.6,4.0
2025-03-13 01:19:13,3.6,4.0
2025-03-13 01:19:15,3.6,4.0
2025-03-13 01:19:17,3.5,3.9
2025-03-13 01:19:19,3.5,3.9
2025-03-13 01:19:21,3.5,3.9
2025-03-13 01:19:23,3.5,3.9
2025-03-13 01:19:25,3.4,3.8
2025-03-13 01:19:27,3.4,3.8
2025-03-13 01:19:29,3.4,4.3
2025-03-13 01:19:31,3.4,4.3
2025-03-13 01:19:33,3.4,4.4
2025-03-13 01:19:35,3.4,4.4
2025-03-13 01:19:37,3.4,4.4
2025-03-13 01:19:39,3.3,4.4
2025-03-13 01:19:41,3.3,4.7
2025-03-13 01:19:43,3.3,4.7
2025-03-13 01:19:45,3.4,4.8
2025-03-13 01:19:47,3.4,4.8
2025-03-13 01:19:49,3.3,4.8
2025-03-13 01:19:51,3.3,4.8
2025-03-13 01:19:53,3.3,4.7
2025-03-13 01:19:55,3.3,4.5
2025-03-13 01:19:57,3.3,5.3
2025-03-13 01:19:59,3.3,5.3
2025-03-13 01:20:01,3.3,5.3
2025-03-13 01:20:03,3.3,5.4
2025-03-13 01:20:05,3.3,5.4
2025-03-13 01:20:07,3.3,5.4
2025-03-13 01:20:09,3.3,5.4
2025-03-13 01:20:11,3.2,5.4
2025-03-13 01:20:13,3.2,5.5
2025-03-13 01:20:15,3.2,5.5
2025-03-13 01:20:17,3.2,5.6
2025-03-13 01:20:19,3.2,5.6
2025-03-13 01:20:21,3.2,5.5
2025-03-13 01:20:23,3.2,5.5
2025-03-13 01:20:25,3.3,5.8
2025-03-13 01:20:27,3.3,5.9
2025-03-13 01:20:29,3.3,5.3
2025-03-13 01:20:31,3.3,5.3
2025-03-13 01:20:33,3.3,5.3
2025-03-13 01:20:35,3.3,5.2
2025-03-13 01:20:37,3.2,5.4
2025-03-13 01:20:39,3.3,5.4
2025-03-13 01:20:41,3.2,5.3
2025-03-13 01:20:43,3.2,5.2
2025-03-13 01:20:45,3.2,5.1
2025-03-13 01:20:47,3.2,5.2
2025-03-13 01:20:49,3.3,5.3
2025-03-13 01:20:51,3.3,5.3
2025-03-13 01:20:53,3.3,5.6
2025-03-13 01:20:55,3.3,5.7
2025-03-13 01:20:57,3.3,4.9
2025-03-13 01:20:59,3.3,4.9
2025-03-13 01:21:01,3.3,5.6
2025-03-13 01:21:03,3.3,5.6
2025-03-13 01:21:05,3.3,5.5
2025-03-13 01:21:07,3.4,5.6
2025-03-13 01:21:09,3.4,5.7
2025-03-13 01:21:11,3.5,5.5
2025-03-13 01:21:13,3.5,5.6
2025-03-13 01:21:15,3.5,5.5
2025-03-13 01:21:17,3.5,5.6
2025-03-13 01:21:19,3.5,5.5
2025-03-13 01:21:21,3.5,5.6
2025-03-13 01:21:23,3.5,5.6
2025-03-13 01:21:25,3.5,5.4
2025-03-13 01:21:27,3.5,5.3
2025-03-13 01:21:29,3.5,5.4
2025-03-13 01:21:31,3.5,5.4
2025-03-13 01:21:33,3.5,5.4
2025-03-13 01:21:35,3.5,5.4
2025-03-13 01:21:37,3.5,5.3
2025-03-13 01:21:39,3.5,5.6
2025-03-13 01:21:41,3.5,5.9
2025-03-13 01:21:43,3.5,5.9
2025-03-13 01:21:45,3.5,5.9
2025-03-13 01:21:47,3.4,5.6
2025-03-13 01:21:49,3.3,5.8
2025-03-13 01:21:51,3.3,5.9
2025-03-13 01:21:53,3.3,5.5
2025-03-13 01:21:55,3.3,5.4
2025-03-13 01:21:57,3.3,5.4
2025-03-13 01:21:59,3.3,5.4
2025-03-13 01:22:01,3.4,4.8
2025-03-13 01:22:03,3.4,4.8
2025-03-13 01:22:05,3.4,4.9
2025-03-13 01:22:07,3.4,4.9
2025-03-13 01:22:09,3.3,4.9
2025-03-13 01:22:11,3.3,5.0
2025-03-13 01:22:13,3.3,5.1
2025-03-13 01:22:15,3.3,5.2
2025-03-13 01:22:17,3.3,5.1
2025-03-13 01:22:19,3.4,5.2
2025-03-13 01:22:21,3.4,5.5
2025-03-13 01:22:23,3.4,5.5
2025-03-13 01:22:25,3.3,5.3
2025-03-13 01:22:27,3.3,5.3
2025-03-13 01:22:29,3.3,5.2
2025-03-13 01:22:31,3.3,5.2
2025-03-13 01:22:33,3.3,5.2
2025-03-13 01:22:35,3.3,5.2
2025-03-13 01:22:37,3.3,5.3
2025-03-13 01:22:39,3.3,5.0
2025-03-13 01:22:41,3.3,4.5
2025-03-13 01:22:43,3.3,4.5
2025-03-13 01:22:45,3.4,4.5
2025-03-13 01:22:47,3.4,4.5
2025-03-13 01:22:49,3.4,4.3
2025-03-13 01:22:51,3.4,4.2
2025-03-13 01:22:53,3.4,4.2
2025-03-13 01:22:55,3.4,4.3
2025-03-13 01:22:57,3.4,4.4
2025-03-13 01:22:59,3.4,4.4
2025-03-13 01:23:01,3.4,4.3
2025-03-13 01:23:03,3.4,4.2
2025-03-13 01:23:05,3.3,4.2
2025-03-13 01:23:07,3.4,4.1
2025-03-13 01:23:09,3.4,4.0
2025-03-13 01:23:11,3.3,4.3
2025-03-13 01:23:13,3.3,4.1
2025-03-13 01:23:15,3.3,4.0
2025-03-13 01:23:17,3.2,4.0
2025-03-13 01:23:19,3.2,3.9
2025-03-13 01:23:21,3.3,4.1
2025-03-13 01:23:23,3.3,4.2
2025-03-13 01:23:25,3.3,4.2
2025-03-13 01:23:27,3.3,4.3
2025-03-13 01:23:29,3.3,4.3
2025-03-13 01:23:31,3.4,4.4
2025-03-13 01:23:33,3.4,4.5
2025-03-13 01:23:35,3.4,4.5
2025-03-13 01:23:37,3.4,4.4
2025-03-13 01:23:39,3.4,4.4
2025-03-13 01:23:41,3.4,4.8
2025-03-13 01:23:43,3.4,4.8
2025-03-13 01:23:45,3.4,4.8
2025-03-13 01:23:47,3.4,4.8
2025-03-13 01:23:49,3.4,4.8
2025-03-13 01:23:51,3.5,4.8
2025-03-13 01:23:53,3.5,4.8
2025-03-13 01:23:55,3.5,4.8
2025-03-13 01:23:57,3.5,4.9
2025-03-13 01:23:59,3.5,4.9
2025-03-13 01:24:01,3.5,4.9
2025-03-13 01:24:03,3.5,4.9
2025-03-13 01:24:05,3.5,5.0
2025-03-13 01:24:07,3.5,4.9
2025-03-13 01:24:09,3.5,5.0
2025-03-13 01:24:11,3.5,4.7
2025-03-13 01:24:13,3.5,4.7
2025-03-13 01:24:15,3.5,4.7
2025-03-13 01:24:17,3.6,4.8
2025-03-13 01:24:19,3.5,4.8
2025-03-13 01:24:21,3.5,4.3
2025-03-13 01:24:23,3.6,4.2
2025-03-13 01:24:25,3.6,4.8
2025-03-13 01:24:27,3.6,4.7
2025-03-13 01:24:29,3.6,4.8
2025-03-13 01:24:31,3.5,4.6
2025-03-13 01:24:33,3.5,4.6
2025-03-13 01:24:35,3.6,4.6
2025-03-13 01:24:37,3.6,4.8
2025-03-13 01:24:39,3.6,4.8
2025-03-13 01:24:41,3.7,4.4
2025-03-13 01:24:43,3.6,4.3
2025-03-13 01:24:45,3.7,4.4
2025-03-13 01:24:47,3.7,4.4
2025-03-13 01:24:49,3.7,4.5
2025-03-13 01:24:51,3.6,4.4
2025-03-13 01:24:53,3.6,4.4
2025-03-13 01:24:55,3.7,4.4
2025-03-13 01:24:57,3.7,4.3
2025-03-13 01:24:59,3.7,4.3
2025-03-13 01:25:01,3.7,4.4
2025-03-13 01:25:03,3.7,4.4
2025-03-13 01:25:05,3.7,4.4
2025-03-13 01:25:07,3.7,4.4
2025-03-13 01:25:09,3.7,4.4
2025-03-13 01:25:11,3.7,4.3
2025-03-13 01:25:13,3.7,4.4
2025-03-13 01:25:15,3.8,4.4
2025-03-13 01:25:17,3.7,4.3
2025-03-13 01:25:19,3.7,4.3
2025-03-13 01:25:21,3.7,4.3
2025-03-13 01:25:23,3.7,4.3
2025-03-13 01:25:25,3.6,4.0
2025-03-13 01:25:27,3.6,4.0
2025-03-13 01:25:29,3.6,4.0
2025-03-13 01:25:31,3.6,4.0
2025-03-13 01:25:33,3.6,4.2
2025-03-13 01:25:35,3.6,4.2
2025-03-13 01:25:37,3.6,4.1
2025-03-13 01:25:39,3.6,4.1
2025-03-13 01:25:41,3.6,4.1
2025-03-13 01:25:43,3.6,4.2
2025-03-13 01:25:45,3.6,4.3
2025-03-13 01:25:47,3.6,4.3
2025-03-13 01:25:49,3.6,4.2
2025-03-13 01:25:51,3.7,4.3
2025-03-13 01:25:53,3.6,4.2
2025-03-13 01:25:55,3.5,4.3
2025-03-13 01:25:57,3.5,4.2
2025-03-13 01:25:59,3.4,4.5
2025-03-13 01:26:01,3.5,4.4
2025-03-13 01:26:03,3.5,4.4
2025-03-13 01:26:05,3.5,4.5
2025-03-13 01:26:07,3.5,4.5
2025-03-13 01:26:09,3.5,4.5
2025-03-13 01:26:11,3.4,4.5
2025-03-13 01:26:13,3.4,4.4
2025-03-13 01:26:15,3.5,4.5
2025-03-13 01:26:17,3.5,4.6
2025-03-13 01:26:19,3.5,4.7
2025-03-13 01:26:21,3.6,4.7
2025-03-13 01:26:23,3.6,4.6
2025-03-13 01:26:25,3.6,4.7
2025-03-13 01:26:27,3.6,4.6
2025-03-13 01:26:29,3.6,4.5
2025-03-13 01:26:31,3.6,4.5
2025-03-13 01:26:33,3.6,4.3
2025-03-13 01:26:35,3.6,4.3
2025-03-13 01:26:37,3.6,4.3
2025-03-13 01:26:39,3.6,4.2
2025-03-13 01:26:41,3.6,4.3
2025-03-13 01:26:43,3.7,4.2
2025-03-13 01:26:45,3.6,4.0
2025-03-13 01:26:47,3.6,4.0
2025-03-13 01:26:49,3.6,4.0
2025-03-13 01:26:51,3.6,4.1
2025-03-13 01:26:53,3.7,4.1
2025-03-13 01:26:55,3.7,4.1
2025-03-13 01:26:57,3.7,4.1
2025-03-13 01:26:59,3.8,4.2
2025-03-13 01:27:01,3.6,4.0
2025-03-13 01:27:03,3.6,4.0
2025-03-13 01:27:05,3.6,4.0
2025-03-13 01:27:07,3.7,4.1
2025-03-13 01:27:09,3.7,4.1
2025-03-13 01:27:11,3.7,4.1
2025-03-13 01:27:13,3.7,4.1
2025-03-13 01:27:15,3.7,4.1
2025-03-13 01:27:17,3.7,4.1
2025-03-13 01:27:19,3.7,4.1
2025-03-13 01:27:21,3.6,4.0
2025-03-13 01:27:23,3.6,4.0
2025-03-13 01:27:25,3.6,4.0
2025-03-13 01:27:27,3.6,4.0
2025-03-13 01:27:29,3.6,4.0
2025-03-13 01:27:31,3.6,4.0
2025-03-13 01:27:33,3.5,4.0
2025-03-13 01:27:35,3.6,4.1
2025-03-13 01:27:37,3.6,4.1
2025-03-13 01:27:39,3.6,4.2
2025-03-13 01:27:41,3.6,4.2
2025-03-13 01:27:43,3.6,4.2
2025-03-13 01:27:45,3.7,4.4
2025-03-13 01:27:47,3.7,4.5
2025-03-13 01:27:49,3.7,4.5
2025-03-13 01:27:51,3.7,4.5
2025-03-13 01:27:53,3.6,4.5
2025-03-13 01:27:55,3.5,4.4
2025-03-13 01:27:57,3.5,4.4
2025-03-13 01:27:59,3.6,4.4
2025-03-13 01:28:01,3.6,4.5
2025-03-13 01:28:03,3.6,4.5
2025-03-13 01:28:05,3.6,4.6
2025-03-13 01:28:07,3.5,4.6
2025-03-13 01:28:09,3.5,4.7
2025-03-13 01:28:11,3.5,4.7
2025-03-13 01:28:13,3.5,4.7
2025-03-13 01:28:15,3.5,4.7
2025-03-13 01:28:17,3.4,4.5
2025-03-13 01:28:19,3.4,4.4
2025-03-13 01:28:21,3.4,4.4
2025-03-13 01:28:23,3.4,4.4
2025-03-13 01:28:25,3.4,4.7
2025-03-13 01:28:27,3.4,4.7
2025-03-13 01:28:29,3.4,4.5
2025-03-13 01:28:31,3.4,4.4
2025-03-13 01:28:33,3.3,4.4
2025-03-13 01:28:35,3.3,4.3
2025-03-13 01:28:37,3.3,4.3
2025-03-13 01:28:39,3.2,4.2
2025-03-13 01:28:41,3.2,4.2
2025-03-13 01:28:43,3.2,4.2
2025-03-13 01:28:45,3.1,4.0
2025-03-13 01:28:47,3.1,4.2
2025-03-13 01:28:49,3.1,4.2
2025-03-13 01:28:51,3.1,4.2
2025-03-13 01:28:53,3.1,4.2
2025-03-13 01:28:55,3.1,4.7
2025-03-13 01:28:57,3.2,4.8
2025-03-13 01:28:59,3.2,4.8
2025-03-13 01:29:01,3.2,4.8
2025-03-13 01:29:03,3.2,4.8
2025-03-13 01:29:05,3.2,4.7
2025-03-13 01:29:07,3.2,4.6
2025-03-13 01:29:09,3.2,4.5
2025-03-13 01:29:11,3.2,4.6
2025-03-13 01:29:13,3.2,4.7
2025-03-13 01:29:15,3.2,4.7
2025-03-13 01:29:17,3.2,4.7
2025-03-13 01:29:19,3.2,4.7
2025-03-13 01:29:21,3.2,4.6
2025-03-13 01:29:23,3.2,4.6
2025-03-13 01:29:25,3.2,4.2
2025-03-13 01:29:27,3.4,4.3
2025-03-13 01:29:29,3.3,4.3
2025-03-13 01:29:31,3.4,4.4
2025-03-13 01:29:33,3.5,4.7
2025-03-13 01:29:35,3.5,4.8
2025-03-13 01:29:37,3.6,4.7
2025-03-13 01:29:39,3.6,4.8
2025-03-13 01:29:41,3.7,4.8
2025-03-13 01:29:43,3.6,4.8
2025-03-13 01:29:45,3.7,4.8
2025-03-13 01:29:47,3.7,4.5
2025-03-13 01:29:49,3.8,4.5
2025-03-13 01:29:51,3.8,4.5
2025-03-13 01:29:53,3.8,4.5
2025-03-13 01:29:55,3.7,4.1
2025-03-13 01:29:57,3.8,4.2
2025-03-13 01:29:59,3.8,4.2
2025-03-13 01:30:01,3.8,4.2
2025-03-13 01:30:03,3.8,4.2
2025-03-13 01:30:05,3.8,4.2
2025-03-13 01:30:07,3.7,4.1
2025-03-13 01:30:09,3.7,4.2
2025-03-13 01:30:11,3.7,4.1
2025-03-13 01:30:13,3.7,4.1
2025-03-13 01:30:15,3.7,4.1
2025-03-13 01:30:17,3.8,4.2
2025-03-13 01:30:19,3.8,4.2
2025-03-13 01:30:21,3.8,4.2
2025-03-13 01:30:23,3.9,4.8
2025-03-13 01:30:25,3.9,4.8
2025-03-13 01:30:27,3.8,4.7
2025-03-13 01:30:29,3.8,4.7
2025-03-13 01:30:31,3.8,4.7
2025-03-13 01:30:33,3.8,4.5
2025-03-13 01:30:35,3.7,4.5
2025-03-13 01:30:37,3.7,4.5
2025-03-13 01:30:39,3.6,4.5
2025-03-13 01:30:41,3.6,4.4
2025-03-13 01:30:43,3.6,4.5
2025-03-13 01:30:45,3.6,4.5
2025-03-13 01:30:47,3.6,4.5
2025-03-13 01:30:49,3.6,4.5
2025-03-13 01:30:51,3.7,4.6
2025-03-13 01:30:53,3.6,4.6
2025-03-13 01:30:55,3.6,4.6
2025-03-13 01:30:57,3.6,4.6
2025-03-13 01:30:59,3.6,4.6
2025-03-13 01:31:01,3.6,4.5
2025-03-13 01:31:03,3.6,4.5
2025-03-13 01:31:05,3.5,4.5
2025-03-13 01:31:07,3.6,4.5
2025-03-13 01:31:09,3.7,4.6
2025-03-13 01:31:11,3.7,4.6
2025-03-13 01:31:13,3.8,4.7
2025-03-13 01:31:15,3.7,4.6
2025-03-13 01:31:17,3.7,4.7
2025-03-13 01:31:19,3.7,4.5
2025-03-13 01:31:21,3.7,4.5
2025-03-13 01:31:23,3.6,4.0
2025-03-13 01:31:25,3.6,4.0
2025-03-13 01:31:27,3.6,4.0
2025-03-13 01:31:29,3.5,4.0
2025-03-13 01:31:31,3.5,4.0
2025-03-13 01:31:33,3.5,4.0
2025-03-13 01:31:35,3.5,3.9
2025-03-13 01:31:37,3.6,4.0
2025-03-13 01:31:39,3.6,4.0
2025-03-13 01:31:41,3.6,4.0
2025-03-13 01:31:43,3.7,4.1
2025-03-13 01:31:45,3.6,4.0
2025-03-13 01:31:47,3.6,4.0
2025-03-13 01:31:49,3.6,4.0
2025-03-13 01:31:51,3.6,4.0
2025-03-13 01:31:53,3.6,4.0
2025-03-13 01:31:55,3.6,4.0
2025-03-13 01:31:57,3.5,3.9
2025-03-13 01:31:59,3.5,3.9
2025-03-13 01:32:01,3.5,4.0
2025-03-13 01:32:03,3.5,4.0
2025-03-13 01:32:05,3.5,3.9
2025-03-13 01:32:07,3.5,3.9
2025-03-13 01:32:09,3.4,3.8
2025-03-13 01:32:11,3.4,3.8
2025-03-13 01:32:13,3.4,3.9
2025-03-13 01:32:15,3.5,4.0
2025-03-13 01:32:17,3.5,3.9
2025-03-13 01:32:19,3.5,4.0
2025-03-13 01:32:21,3.5,4.0
2025-03-13 01:32:23,3.5,4.0
2025-03-13 01:32:25,3.6,4.1
2025-03-13 01:32:27,3.5,4.0
2025-03-13 01:32:29,3.6,4.0
2025-03-13 01:32:31,3.5,4.0
2025-03-13 01:32:33,3.5,3.9
2025-03-13 01:32:35,3.5,3.9
2025-03-13 01:32:37,3.4,3.9
2025-03-13 01:32:39,3.5,3.9
2025-03-13 01:32:41,3.5,3.9
2025-03-13 01:32:43,3.4,3.9
2025-03-13 01:32:45,3.5,3.9
2025-03-13 01:32:47,3.5,3.9
2025-03-13 01:32:49,3.5,3.9
2025-03-13 01:32:51,3.5,4.1
2025-03-13 01:32:53,3.5,4.1
2025-03-13 01:32:55,3.5,4.1
2025-03-13 01:32:57,3.6,4.1
2025-03-13 01:32:59,3.6,4.2
2025-03-13 01:33:01,3.6,4.0
2025-03-13 01:33:03,3.6,4.1
2025-03-13 01:33:05,3.5,5.3
2025-03-13 01:33:07,3.5,5.2
2025-03-13 01:33:09,3.5,5.1
2025-03-13 01:33:11,3.5,5.2
2025-03-13 01:33:13,3.5,5.1
2025-03-13 01:33:15,3.4,5.1
2025-03-13 01:33:17,3.4,5.1
2025-03-13 01:33:19,3.4,5.0
2025-03-13 01:33:21,3.4,5.0
2025-03-13 01:33:23,3.4,5.0
2025-03-13 01:33:25,3.3,5.0
2025-03-13 01:33:27,3.3,5.0
2025-03-13 01:33:29,3.4,5.1
2025-03-13 01:33:31,3.4,5.4
2025-03-13 01:33:33,3.4,5.7
2025-03-13 01:33:35,3.4,5.7
2025-03-13 01:33:37,3.4,5.6
2025-03-13 01:33:39,3.4,5.5
2025-03-13 01:33:41,3.3,5.5
2025-03-13 01:33:43,3.3,5.4
2025-03-13 01:33:45,3.3,5.4
2025-03-13 01:33:47,3.3,5.4
2025-03-13 01:33:49,3.3,5.4
2025-03-13 01:33:51,3.3,5.2
2025-03-13 01:33:53,3.2,5.2
2025-03-13 01:33:55,3.2,5.2
2025-03-13 01:33:57,3.2,5.2
2025-03-13 01:33:59,3.2,5.2
2025-03-13 01:34:01,3.2,5.2
2025-03-13 01:34:03,3.2,5.2
2025-03-13 01:34:05,3.3,4.1
2025-03-13 01:34:07,3.3,4.1
2025-03-13 01:34:09,3.2,4.2
2025-03-13 01:34:11,3.3,4.1
2025-03-13 01:34:13,3.2,4.0
2025-03-13 01:34:15,3.2,4.0
2025-03-13 01:34:17,3.1,4.0
2025-03-13 01:34:19,3.1,3.9
2025-03-13 01:34:21,3.1,3.9
2025-03-13 01:34:23,3.1,3.9
2025-03-13 01:34:25,3.1,4.0
2025-03-13 01:34:27,3.1,3.9
2025-03-13 01:34:29,3.0,3.9
2025-03-13 01:34:31,3.0,3.5
2025-03-13 01:34:33,3.0,3.3
2025-03-13 01:34:35,3.0,3.3
2025-03-13 01:34:37,3.0,3.3
2025-03-13 01:34:39,3.1,3.4
2025-03-13 01:34:41,3.1,3.4
2025-03-13 01:34:43,3.2,3.5
2025-03-13 01:34:45,3.1,3.4
2025-03-13 01:34:47,3.2,3.5
2025-03-13 01:34:49,3.1,3.4
2025-03-13 01:34:51,3.2,3.5
2025-03-13 01:34:53,3.2,3.5
2025-03-13 01:34:55,3.1,3.4
2025-03-13 01:34:57,3.1,3.4
2025-03-13 01:34:59,3.1,3.4
2025-03-13 01:35:01,3.2,3.6
2025-03-13 01:35:03,3.1,3.4
2025-03-13 01:35:05,3.1,3.5
2025-03-13 01:35:07,3.1,3.5
2025-03-13 01:35:09,3.2,3.5
2025-03-13 01:35:11,3.2,3.5
2025-03-13 01:35:13,3.3,3.6
2025-03-13 01:35:15,3.3,3.6
2025-03-13 01:35:17,3.3,3.6
2025-03-13 01:35:19,3.3,3.6
2025-03-13 01:35:21,3.4,3.8
2025-03-13 01:35:23,3.3,3.6
2025-03-13 01:35:25,3.3,3.6
2025-03-13 01:35:27,3.3,3.6
2025-03-13 01:35:29,3.4,3.7
2025-03-13 01:35:31,3.4,3.8
